Physican Demographics,,,,,,Current Treatment ,,,,,,,,,,,,,,,,,,Physician perceptions of product attributes for treatment of episodic migraine,,,,,,,,,,,,Physician perception of products currently available in the market,,,,,,,,,,,,,,,,,,,,,,,,,,,,,,,,,,,,,,,,,,,,,,,,,,,,,Physician initial reactions to RELIEVE product information,,,,,,,,,,,,,Estimated future use of RELEIVE and existing treatments,,,,,,,,,Physician attitudes for treatment of migraine,,,,,,,,,
HCP ID,Primary Medical  Specialty,Years in practice,Primary Practice Setting,Number of patients personally managed in a typical month for all conditions,Number of migraine patients personally managed in a typical month,Out of migraine patients personally managed in a typical month (% patients),,Treatment type for episodic migraine patients personally managed in a typical month (% patients),,,,Treatment type for chronic migraine patients personally managed in a typical month (% patients),,,,% episodic migraine patients receiving below acute tx,,,,,,,,"Importance of product attributes when selecting an acute treatment for episodic migraine patients, on a scale of 1-7 where 1 is “Not at all important” and 7 is “Extremely important”",,,,,,,,,,,,"Level of satisfaction with each of the following acute treatment options for episodic migraine headache, on a scale of 1 to 7, where 1 is ""Not at all satisfied"" and 7 is ""Extremely satisfied’",,,,,"Performance of NSAIDs (Rx or OTC) on below product attributes for acute treatment of episodic migraine, on a scale of 1 to 7, where 1 means “Does not perform well at all” and 7 means “Performs extremely well”",,,,,,,,,,,,"Performance of Triptans on below product attributes for acute treatment of episodic migraine, on a scale of 1 to 7, where 1 means “Does not perform well at all” and 7 means “Performs extremely well”",,,,,,,,,,,,"Performance of Opioids on below product attributes for acute treatment of episodic migraine, on a scale of 1 to 7, where 1 means “Does not perform well at all” and 7 means “Performs extremely well”",,,,,,,,,,,,"Performance of Barbituates on below product attributes for acute treatment of episodic migraine, on a scale of 1 to 7, where 1 means “Does not perform well at all” and 7 means “Performs extremely well”",,,,,,,,,,,,"Likelihood to prescribe 'RELIEVE', on a scale of 1-7 where 1 is “Not at all likely” and 7 is “Extremely likely”","Performance of RELIEVE on below product attributes for acute treatment of episodic migraine, on a scale of 1 to 7, where 1 means “Does not perform well at all” and 7 means “Performs extremely well”",,,,,,,,,,,,% episodic migraine patients receiving below acute tx when RELIEVE is also available in the market,,,,,,,,,"Physician's level of agrrement  on below treatment related attitudes/perceptions, on a 1 to 7 scale where 1 is “completely disagree” and 7 is “completely agree”",,,,,,,,,
,,,,,,"% experience episodic migraine, defined as an average of 0-14 headache days per month","% experience chronic migraine, defined as an average of 15+ headache days per month with 8 of the headache days being migrainous",% Acute treatment only,% Preventive treatment only,% Acute and preventive treatment,% No treatment for migraine,% Acute treatment only,% Preventive treatment only,% Acute and preventive treatment,% No treatment for migraine,"Rx or OTC NSAIDs (e.g., naproxen, ibuprofen)","Triptans (e.g., sumatriptan, rizatriptan)",Triptan+naproxen fixed dose combination,"Ergotamine therapy (e.g., Ergotamine, Dihydroergotamine)","Opioid therapy (e.g., naloxone)","Barbiturate therapy (e.g., Fioricet, Fiorinal)",Other OTC pain medications,Other treatments,% of patients that achieve pain RELIEF (reduction from moderate or severe pain to mild or no pain),"% of patients that achieve pain FREEDOM (reduction from mild, moderate or severe pain to no pain)","% of patients that show an improvement in the most common migraine associated symptoms (photophobia, phonophobia, and nausea)",Time to onset of pain relief,Ability to sustain response long-term (i.e. duration of pain relief or pain freedom),Side effects,"Route of administration (oral conventional tablet, orally dissolving tablet, sub-cutaneous injection, nasal spray, etc.)",Mechanism of action,Discontinuation rates ,Risk of medication overuse headache (MOH) or rebound headache,Your familiarity with treatment,Efficacy regardless of when the drug is administered during the headache phase,Rx or OTC NSAIDs,Triptans,Ergotamine therapy,Opioids,"Barbiturates (Fioricet, Fiorinal, etc.)",% of patients that achieve pain RELIEF (reduction from moderate or severe pain to mild or no pain),"% of patients that achieve pain FREEDOM (reduction from mild, moderate or severe pain to no pain)","% of patients that show an improvement in the most common migraine associated symptoms (photophobia, phonophobia, and nausea)",Time to onset of pain relief,Ability to sustain response long-term (i.e. duration of pain relief or pain freedom),Side effects,"Route of administration (oral conventional tablet, orally dissolving tablet, sub-cutaneous injection, nasal spray, etc.)",Mechanism of action,Discontinuation rates ,Risk of medication overuse headache (MOH) or rebound headache,Your familiarity with treatment,Efficacy regardless of when the drug is administered during the headache phase,% of patients that achieve pain RELIEF (reduction from moderate or severe pain to mild or no pain),"% of patients that achieve pain FREEDOM (reduction from mild, moderate or severe pain to no pain)","% of patients that show an improvement in the most common migraine associated symptoms (photophobia, phonophobia, and nausea)",Time to onset of pain relief,Ability to sustain response long-term (i.e. duration of pain relief or pain freedom),Side effects,"Route of administration (oral conventional tablet, orally dissolving tablet, sub-cutaneous injection, nasal spray, etc.)",Mechanism of action,Discontinuation rates ,Risk of medication overuse headache (MOH) or rebound headache,Your familiarity with treatment,Efficacy regardless of when the drug is administered during the headache phase,% of patients that achieve pain RELIEF (reduction from moderate or severe pain to mild or no pain),"% of patients that achieve pain FREEDOM (reduction from mild, moderate or severe pain to no pain)","% of patients that show an improvement in the most common migraine associated symptoms (photophobia, phonophobia, and nausea)",Time to onset of pain relief,Ability to sustain response long-term (i.e. duration of pain relief or pain freedom),Side effects,"Route of administration (oral conventional tablet, orally dissolving tablet, sub-cutaneous injection, nasal spray, etc.)",Mechanism of action,Discontinuation rates ,Risk of medication overuse headache (MOH) or rebound headache,Your familiarity with treatment,Efficacy regardless of when the drug is administered during the headache phase,% of patients that achieve pain RELIEF (reduction from moderate or severe pain to mild or no pain),"% of patients that achieve pain FREEDOM (reduction from mild, moderate or severe pain to no pain)","% of patients that show an improvement in the most common migraine associated symptoms (photophobia, phonophobia, and nausea)",Time to onset of pain relief,Ability to sustain response long-term (i.e. duration of pain relief or pain freedom),Side effects,"Route of administration (oral conventional tablet, orally dissolving tablet, sub-cutaneous injection, nasal spray, etc.)",Mechanism of action,Discontinuation rates ,Risk of medication overuse headache (MOH) or rebound headache,Your familiarity with treatment,Efficacy regardless of when the drug is administered during the headache phase,,% of patients that achieve pain RELIEF (reduction from moderate or severe pain to mild or no pain),"% of patients that achieve pain FREEDOM (reduction from mild, moderate or severe pain to no pain)","% of patients that show an improvement in the most common migraine associated symptoms (photophobia, phonophobia, and nausea)",Time to onset of pain relief,Ability to sustain response long-term (i.e. duration of pain relief or pain freedom),Side effects,"Route of administration (oral conventional tablet, orally dissolving tablet, sub-cutaneous injection, nasal spray, etc.)",Mechanism of action,Discontinuation rates ,Risk of medication overuse headache (MOH) or rebound headache,Your familiarity with treatment,Efficacy regardless of when the drug is administered during the headache phase,RELIEVE,"Rx or OTC NSAIDs (e.g., naproxen, ibuprofen)","Triptans (e.g., sumatriptan, rizatriptan)",Triptan+naproxen fixed dose combination,"Ergotamine therapy (e.g., Ergotamine, Dihydroergotamine)","Opioid therapy (e.g., naloxone)","Barbiturate therapy (e.g., Fioricet, Fiorinal)",Other OTC pain medications,Other treatments (Please specify),"Assuming all else is equal, a subcutaneous product would be significantly preferred over an intravenous product",An acute treatment administered as an IV infusion would be economically beneficial to my practice.,I would be willing to work through significant insurance hurdles in order to prescribe Product X to my migraine patients,Side effect profile is something that prevents me from prescribing triptans as much as I would otherwise,I typically initiate treatment at the minimally effective dose when treating migraine,I see my migraine patients several times per year (every 2-3 months),My patients are compliant and always take their acute migraine medications when I tell them to ,I feel that my patients are properly educated as to how to properly take their acute treatment(s) for migraine,I feel that triptans and ergots are not sufficiently efficacious for the acute treatment of migraine in a significant portion of my patients ,Patients who are contraindicated to triptans have a high unmet need with regard to acute treatments for migraine
respid,cqhidSpecialty,cqS4,cqS6,cqS7,cqS8,cqA1_1,cqA1_2,cqA2x1_1,cqA2x1_2,cqA2x1_3,cqA2x1_4,cqA2x2_1,cqA2x2_2,cqA2x2_3,cqA2x2_4,cqA6_1,cqA6_2,cqA6_3,cqA6_4,cqA6_5,cqA6_6,cqA6_7,cqA6_98,cqA8_1_2,cqA8_2_2,cqA8_3_2,cqA8_4_2,cqA8_5_2,cqA8_6_2,cqA8_7_2,cqA8_8_2,cqA8_9_2,cqA8_10_2,cqA8_11_2,cqA8_12_2,cqA9_1_2,cqA9_2_2,cqA9_3_2,cqA9_4_2,cqA9_5_2,cqA10x1_1,cqA10x1_2,cqA10x1_3,cqA10x1_4,cqA10x1_5,cqA10x1_6,cqA10x1_7,cqA10x1_8,cqA10x1_9,cqA10x1_10,cqA10x1_11,cqA10x1_12,cqA10x2_1,cqA10x2_2,cqA10x2_3,cqA10x2_4,cqA10x2_5,cqA10x2_6,cqA10x2_7,cqA10x2_8,cqA10x2_9,cqA10x2_10,cqA10x2_11,cqA10x2_12,cqA10x3_1,cqA10x3_2,cqA10x3_3,cqA10x3_4,cqA10x3_5,cqA10x3_6,cqA10x3_7,cqA10x3_8,cqA10x3_9,cqA10x3_10,cqA10x3_11,cqA10x3_12,cqA10x4_1,cqA10x4_2,cqA10x4_3,cqA10x4_4,cqA10x4_5,cqA10x4_6,cqA10x4_7,cqA10x4_8,cqA10x4_9,cqA10x4_10,cqA10x4_11,cqA10x4_12,cqB1_1,cqB3_1_2,cqB3_2_2,cqB3_3_2,cqB3_4_2,cqB3_5_2,cqB3_6_2,cqB3_7_2,cqB3_8_2,cqB3_9_2,cqB3_10_2,cqB3_11_2,cqB3_12_2,cqB5_10,cqB5_1,cqB5_2,cqB5_3,cqB5_4,cqB5_5,cqB5_6,cqB5_7,cqB5_98,cqG3_1_2,cqG3_2_2,cqG3_3_2,cqG3_4_2,cqG3_6_2,cqG3_7_2,cqG3_10_2,cqG3_17_2,cqG3_18_2,cqG3_19_2
3,General Physician,20,"Office-based, solo practice ",300,30,60%,40%,70%,10%,20%,0%,30%,10%,60%,0%,30%,60%,10%,10%,5%,10%,0%,0%,6,6,6,7,6,7,6,6,6,6,6,6,5,6,5,4,5,5,5,5,5,5,5,5,5,5,6,6,5,6,6,6,6,6,6,6,6,6,6,6,6,5,5,5,5,4,3,5,5,5,3,6,5,5,5,5,5,5,5,5,5,5,4,5,5,6,6,5,6,,,5,5,5,,,,6,20%,20%,50%,10%,10%,5%,5%,0%,0%,5,6,6,6,6,6,6,6,6,5
19,General Physician,8,"Office-based, group practice",500,50,50%,50%,50%,25%,25%,0%,25%,25%,50%,0%,75%,10%,15%,0%,0%,0%,0%,0%,6,4,4,6,6,4,5,4,5,5,6,6,6,5,,,,4,5,5,4,6,4,5,4,5,4,6,5,5,5,4,4,5,4,5,6,5,5,6,4,,,,,,,,,,,,,,,,,,,,,,,,,6,5,6,4,,,6,5,6,,,,6,50%,25%,15%,15%,0%,0%,0%,0%,0%,4,4,6,5,5,6,4,5,4,6
22,General Physician,11,Academic or teaching Hospital,300,50,50%,50%,30%,30%,20%,20%,30%,30%,20%,20%,20%,20%,20%,10%,20%,10%,0%,0%,5,5,5,5,4,5,4,4,5,5,5,5,5,5,5,5,3,5,4,4,4,4,4,5,4,5,4,5,5,5,4,4,5,5,5,4,3,5,4,4,4,6,6,5,5,6,4,6,6,5,6,5,6,5,5,4,5,5,5,4,4,5,5,5,3,6,5,5,5,,,5,5,5,,,,6,20%,10%,10%,10%,20%,10%,10%,10%,0%,5,4,5,4,4,4,4,4,4,4
23,General Physician,24,"Office-based, solo practice ",400,30,80%,20%,60%,10%,30%,0%,30%,30%,40%,0%,15%,80%,5%,0%,0%,0%,5%,0%,7,7,7,7,7,6,6,6,6,7,7,6,4,6,,,,6,4,2,4,4,4,3,6,5,5,7,3,6,6,6,6,6,4,6,6,5,5,7,6,,,,,,,,,,,,,,,,,,,,,,,,,6,7,6,6,,,7,6,7,,,,7,20%,10%,80%,2%,0%,0%,0%,5%,0%,5,3,7,6,7,7,6,5,7,7
26,General Physician,22,"Office-based, group practice",400,50,95%,5%,10%,0%,90%,0%,0%,0%,100%,0%,100%,90%,0%,0%,0%,10%,0%,0%,5,4,4,6,6,7,4,1,4,4,7,4,4,5,,,5,4,4,2,6,6,7,7,4,7,7,7,6,4,6,5,5,6,2,6,4,4,7,7,5,,,,,,,,,,,,,4,5,2,6,4,4,7,4,4,2,6,6,5,5,4,6,,,7,7,7,,,,6,20%,100%,90%,0%,0%,0%,10%,0%,0%,7,1,4,4,2,3,4,6,4,6
36,General Physician,12,"Office-based, group practice",600,200,80%,20%,90%,10%,0%,0%,50%,0%,50%,0%,30%,20%,20%,10%,5%,5%,10%,0%,5,6,5,5,4,6,3,4,4,5,5,5,4,5,4,4,5,6,5,6,5,5,5,4,4,4,5,5,6,5,5,6,5,4,4,5,5,5,5,6,5,6,6,6,5,6,4,5,4,4,5,5,5,5,5,5,4,4,4,5,4,4,5,5,4,5,4,5,5,,,4,4,4,,,,4,5%,25%,20%,20%,10%,5%,5%,10%,0%,4,4,5,5,4,6,5,5,5,6
40,General Physician,18,"Office-based, group practice",525,85,80%,20%,30%,35%,30%,5%,10%,30%,55%,5%,15%,45%,5%,5%,5%,20%,5%,0%,6,6,6,6,7,5,4,5,4,5,6,5,3,5,4,4,4,4,4,4,3,4,4,5,4,3,6,5,5,4,5,4,5,6,5,4,4,4,5,5,5,5,5,4,6,5,4,6,4,4,3,5,5,4,5,4,5,5,5,4,4,5,5,4,4,6,5,6,4,,,5,4,5,,,,5,20%,5%,35%,5%,5%,5%,20%,5%,0%,6,5,5,4,5,6,5,5,5,6
51,General Physician,25,"Office-based, group practice",670,160,45%,55%,40%,30%,25%,5%,10%,55%,15%,20%,0%,30%,25%,25%,10%,10%,0%,0%,6,5,6,6,6,5,4,6,7,7,6,7,,6,7,6,5,,,,,,,,,,,,,7,5,5,7,6,6,7,5,6,7,7,5,7,5,7,6,5,7,7,7,5,6,6,7,7,7,7,6,6,6,6,6,5,7,6,4,7,5,7,4,,,5,5,6,,,,4,100%,0%,0%,0%,0%,0%,0%,0%,0%,4,7,6,7,6,5,7,6,6,5
57,General Physician,28,"Office-based, group practice",300,35,50%,50%,45%,0%,55%,0%,10%,60%,30%,0%,25%,30%,10%,15%,5%,10%,5%,0%,6,6,5,5,7,4,3,6,5,5,5,7,6,5,4,5,3,6,7,5,4,6,4,6,5,5,5,2,7,6,6,6,3,7,3,5,5,5,5,2,7,5,5,5,6,3,3,6,4,4,6,7,4,3,4,4,4,5,2,6,4,2,5,6,4,5,6,6,5,,,5,6,7,,,,5,5%,25%,15%,10%,25%,5%,10%,5%,0%,6,4,6,6,7,7,4,5,6,6
63,General Physician,17,"Office-based, solo practice ",220,30,90%,10%,30%,30%,30%,10%,30%,30%,30%,10%,30%,30%,0%,30%,0%,5%,5%,0%,6,6,6,6,6,6,4,5,5,5,4,5,4,5,5,,5,6,5,6,5,5,5,6,6,5,5,5,5,5,5,5,5,5,5,6,5,6,6,6,6,,,,,,,,,,,,,5,5,5,5,5,6,5,5,6,6,6,6,6,6,6,6,,,6,4,5,,,,5,20%,30%,30%,0%,30%,0%,10%,5%,0%,5,6,6,6,6,6,6,5,6,5
64,General Physician,30,"Office-based, group practice",300,50,90%,10%,65%,5%,30%,0%,10%,20%,70%,0%,70%,60%,20%,5%,0%,0%,0%,0%,7,6,6,6,6,7,5,5,5,6,5,7,3,6,4,,,4,4,4,4,4,6,5,4,4,3,7,4,6,6,6,6,5,5,6,5,5,5,7,6,,,,,,,,,,,,,,,,,,,,,,,,,4,6,6,5,,,7,7,7,,,,6,15%,70%,60%,20%,5%,0%,0%,0%,0%,6,4,4,5,5,4,5,6,5,6
66,General Physician,16,"Office-based, solo practice ",400,100,50%,50%,90%,5%,5%,0%,50%,5%,45%,0%,50%,45%,0%,0%,0%,5%,0%,0%,7,5,5,6,7,7,5,7,7,7,7,7,5,6,,,5,6,4,6,4,7,5,4,6,4,7,7,7,6,7,6,6,7,6,5,6,7,6,7,7,,,,,,,,,,,,,6,6,4,5,4,4,7,6,7,4,5,4,7,7,7,5,,,5,3,7,,,,7,50%,30%,20%,0%,0%,0%,0%,0%,0%,4,4,4,4,4,4,5,7,4,5
67,General Physician,23,"Office-based, group practice",200,20,90%,10%,25%,20%,55%,0%,10%,15%,75%,0%,99%,75%,25%,25%,5%,29%,29%,0%,7,7,6,7,7,4,6,3,3,6,4,6,5,6,5,5,5,5,4,5,3,4,6,7,4,2,2,7,4,7,6,5,5,7,4,7,7,3,6,7,7,6,3,5,7,4,2,3,3,3,7,7,6,6,4,4,6,4,4,5,2,4,6,7,5,5,7,6,6,,,5,7,6,,,,5,90%,90%,60%,10%,10%,0%,10%,0%,0%,6,4,7,6,7,4,4,5,6,7
72,General Physician,23,"Office-based, group practice",220,48,70%,30%,10%,20%,70%,0%,0%,70%,30%,0%,60%,75%,10%,10%,15%,0%,0%,0%,6,7,6,6,6,7,7,6,5,6,7,6,3,5,3,4,,4,3,4,5,4,5,6,4,6,5,7,5,6,5,6,6,5,4,4,5,5,3,6,4,4,4,4,5,4,2,6,4,6,2,7,4,,,,,,,,,,,,,4,5,5,5,,,6,7,6,,,,5,30%,60%,75%,10%,10%,15%,0%,0%,0%,7,4,6,6,5,5,4,6,5,7
75,General Physician,11,"Office-based, solo practice ",400,50,80%,20%,60%,2%,20%,18%,5%,30%,60%,5%,80%,60%,20%,2%,0%,5%,5%,5%,6,6,5,6,6,6,4,2,3,4,5,6,4,4,4,,3,4,3,4,4,3,6,7,3,7,2,4,3,5,4,4,5,4,3,5,5,3,7,6,4,,,,,,,,,,,,,4,4,4,4,3,3,4,2,4,3,4,4,5,5,5,5,,,4,5,5,,,,5,20%,70%,50%,10%,2%,0%,5%,5%,5%,6,1,2,5,5,4,3,4,5,3
79,Neurologist,20,"Office-based, solo practice ",350,90,65%,35%,20%,0%,80%,0%,0%,0%,100%,0%,25%,85%,5%,5%,0%,5%,10%,0%,7,7,5,6,5,6,4,3,6,5,4,6,4,6,5,,2,3,4,3,4,3,5,5,4,6,2,7,4,6,6,6,5,6,5,6,3,4,5,7,5,,,,,,,,,,,,,5,5,5,5,3,4,5,2,6,2,6,5,7,6,6,5,,,6,6,6,,,,6,80%,15%,50%,0%,0%,0%,0%,5%,0%,6,2,5,4,4,6,5,6,4,5
80,Neurologist,15,Community Hospital,600,350,55%,45%,35%,25%,35%,5%,25%,35%,35%,5%,25%,15%,25%,15%,5%,15%,0%,0%,6,6,5,6,5,6,6,7,6,5,7,5,6,6,7,5,6,7,6,7,5,6,6,6,6,5,5,7,6,6,7,6,6,6,5,7,6,6,5,4,5,7,5,7,5,6,6,6,7,5,5,7,6,6,6,6,6,7,6,4,7,5,6,7,5,6,6,6,7,,,7,6,6,,,,7,55%,20%,5%,5%,10%,0%,5%,0%,0%,7,6,6,5,6,6,7,5,5,5
81,General Physician,25,"Office-based, solo practice ",250,150,50%,50%,50%,20%,30%,0%,30%,40%,30%,0%,50%,30%,5%,5%,1%,9%,0%,0%,6,7,7,7,7,6,6,7,6,6,7,6,2,7,2,4,4,3,3,3,3,3,6,7,3,7,4,3,4,7,7,7,7,7,5,6,7,3,6,7,6,5,3,4,5,5,2,3,4,1,1,4,4,5,4,6,6,5,4,4,6,2,4,6,4,5,5,5,5,,,3,5,5,,,,5,40%,20%,30%,5%,5%,0%,0%,0%,0%,4,4,4,4,4,6,5,6,1,5
89,General Physician,12,"Office-based, group practice",250,200,25%,75%,50%,25%,25%,0%,0%,25%,75%,0%,20%,65%,5%,5%,0%,5%,0%,0%,7,7,5,7,7,7,5,1,1,5,5,7,4,6,3,,2,5,4,3,5,4,4,7,5,5,1,7,4,5,6,6,5,6,5,6,3,3,5,6,5,,,,,,,,,,,,,5,6,4,5,2,2,7,4,5,1,6,4,6,6,6,6,,,2,5,5,,,,6,65%,15%,50%,5%,0%,0%,0%,0%,0%,4,6,4,5,5,7,4,6,5,5
100,General Physician,5,"Office-based, group practice",320,40,60%,40%,60%,10%,5%,25%,20%,60%,20%,0%,30%,40%,20%,0%,10%,10%,20%,0%,6,7,5,5,5,7,6,5,6,7,7,5,4,5,,2,5,4,3,4,4,4,4,4,4,4,4,5,4,4,4,4,4,4,4,4,4,4,4,4,4,2,2,2,2,2,2,2,2,5,2,2,2,3,3,3,3,3,3,3,3,3,3,3,3,5,5,4,4,,,5,5,4,,,,5,30%,25%,30%,15%,0%,10%,10%,20%,0%,5,4,5,5,6,5,4,5,5,5
101,General Physician,18,"Office-based, solo practice ",500,50,60%,40%,80%,10%,10%,0%,20%,70%,10%,0%,10%,20%,10%,20%,5%,15%,20%,0%,6,6,5,7,5,5,7,3,4,4,3,6,5,5,5,2,5,5,4,4,4,5,2,6,2,4,2,4,4,4,6,4,6,5,5,5,4,4,4,2,5,5,5,4,6,4,4,4,2,4,5,2,5,5,4,5,6,5,5,5,5,6,5,6,6,6,5,4,5,,,5,5,5,,,,6,10%,10%,20%,10%,20%,5%,15%,10%,0%,6,4,2,5,6,5,3,5,4,3
102,General Physician,18,"Office-based, group practice",350,25,60%,40%,70%,0%,30%,0%,0%,0%,100%,0%,30%,90%,0%,1%,0%,1%,0%,0%,7,7,5,6,5,5,6,4,7,5,7,4,3,5,3,,1,3,3,3,3,3,3,7,4,3,4,7,3,4,4,5,4,4,5,6,3,3,4,6,4,,,,,,,,,,,,,1,1,1,1,1,1,4,1,1,1,3,1,7,3,3,3,,,6,7,4,,,,3,70%,30%,90%,0%,1%,0%,1%,0%,0%,7,1,1,6,6,7,4,2,6,7
104,Neurologist,28,"Office-based, solo practice ",150,50,75%,25%,10%,30%,60%,0%,5%,70%,25%,0%,5%,50%,5%,5%,5%,10%,5%,15%,6,6,6,6,6,5,6,5,6,5,4,5,3,6,4,2,4,4,4,4,5,4,5,7,4,4,6,6,5,6,5,6,6,5,5,6,6,5,6,6,6,4,4,4,6,4,5,6,5,5,1,5,4,4,4,4,5,4,5,6,4,4,1,5,4,6,6,6,6,,,5,7,6,,,,6,25%,5%,25%,5%,5%,5%,10%,5%,15%,7,2,3,6,6,6,4,6,6,7
105,Neurologist,20,Academic or teaching Hospital,250,70,60%,40%,10%,0%,85%,5%,0%,10%,85%,5%,10%,80%,5%,10%,0%,5%,0%,0%,6,6,6,6,7,7,6,5,6,6,5,7,5,6,6,,4,5,4,5,5,5,5,4,5,6,3,7,4,5,5,6,6,6,4,6,6,5,5,7,3,,,,,,,,,,,,,5,4,5,5,4,5,5,4,4,6,6,4,7,7,6,6,,,7,7,7,,,,6,40%,5%,50%,5%,5%,0%,5%,0%,0%,5,6,6,5,5,7,5,5,6,7
107,Neurologist,29,"Office-based, group practice",500,90,70%,30%,80%,5%,15%,0%,20%,45%,35%,0%,15%,55%,10%,10%,5%,5%,0%,0%,7,6,6,6,6,6,5,4,4,5,5,7,3,6,5,4,4,3,4,2,4,4,5,5,4,4,6,7,3,5,5,5,4,5,3,5,4,3,4,6,4,5,5,5,5,5,2,2,4,3,1,6,6,4,5,5,5,5,6,4,4,4,3,4,5,5,4,4,4,,,5,4,4,,,,4,5%,15%,55%,10%,10%,5%,5%,0%,0%,4,2,5,5,3,5,3,4,3,5
111,General Physician,24,"Office-based, group practice",700,70,65%,35%,100%,0%,0%,0%,15%,0%,85%,0%,5%,90%,5%,5%,0%,5%,5%,0%,7,7,6,6,7,6,6,4,6,6,7,7,5,6,5,,4,4,5,6,6,6,5,7,7,7,3,7,4,6,6,5,7,5,4,6,7,3,6,7,5,,,,,,,,,,,,,5,4,4,6,4,5,7,6,7,1,7,4,3,5,4,4,,,6,6,7,,,,5,5%,5%,85%,5%,5%,0%,5%,5%,0%,7,1,2,5,5,5,5,6,5,6
120,Neurologist,16,"Office-based, solo practice ",150,50,90%,10%,20%,0%,80%,0%,0%,0%,100%,0%,60%,50%,5%,0%,0%,15%,10%,0%,7,7,7,7,7,7,4,5,7,7,7,6,5,5,,,4,4,4,3,4,4,3,1,5,3,4,7,5,6,5,6,5,4,5,7,5,5,5,7,4,,,,,,,,,,,,,4,4,4,4,4,3,1,4,4,1,7,4,5,4,4,6,,,6,1,5,,,,5,20%,40%,40%,5%,0%,0%,10%,0%,0%,7,1,4,5,4,7,4,7,4,7
121,Neurologist,17,Community Hospital,400,50,70%,30%,20%,40%,30%,10%,20%,40%,30%,10%,40%,20%,10%,20%,5%,20%,25%,0%,6,6,6,6,7,6,4,4,5,4,5,7,4,5,5,2,5,4,4,4,5,3,5,5,5,4,4,7,4,6,4,5,6,5,6,5,6,5,5,7,5,3,2,3,4,3,4,4,4,3,4,5,3,4,4,4,5,4,5,5,5,4,4,6,5,5,5,4,6,,,5,4,5,,,,5,10%,30%,20%,10%,20%,5%,20%,25%,0%,6,5,6,6,6,6,5,5,6,5
122,Neurologist,5,Academic or teaching Hospital,210,180,60%,40%,30%,30%,30%,10%,30%,30%,30%,10%,30%,20%,20%,5%,5%,5%,15%,0%,5,5,4,4,5,5,6,5,5,5,6,4,5,5,4,4,3,5,4,6,5,6,5,5,6,4,5,5,4,4,3,4,3,4,4,4,4,3,4,4,4,5,4,5,3,5,4,5,4,3,5,4,4,3,3,3,3,4,3,3,3,4,3,4,3,4,4,4,5,,,4,4,4,,,,5,20%,25%,20%,15%,5%,5%,5%,5%,0%,4,5,4,4,4,5,4,5,5,4
124,General Physician,13,"Office-based, group practice",400,30,75%,25%,50%,0%,45%,5%,5%,45%,50%,0%,10%,90%,0%,0%,0%,0%,0%,0%,7,6,7,7,6,7,6,4,6,4,6,6,4,5,,,,4,3,2,4,4,5,3,4,5,6,6,3,5,5,6,6,6,3,6,6,3,4,6,4,,,,,,,,,,,,,,,,,,,,,,,,,5,5,5,6,,,6,5,6,,,,5,40%,10%,50%,0%,0%,0%,0%,0%,0%,6,3,2,5,5,5,3,6,5,6
138,General Physician,12,"Office-based, group practice",300,100,20%,80%,20%,20%,50%,10%,20%,20%,50%,10%,50%,20%,10%,10%,0%,0%,10%,0%,7,7,7,7,7,6,7,6,7,7,5,7,4,5,4,,,4,5,6,6,6,5,5,6,4,2,5,6,5,5,4,4,4,5,3,4,6,5,7,6,,,,,,,,,,,,,,,,,,,,,,,,,7,5,6,5,,,6,6,5,,,,6,100%,0%,0%,0%,0%,0%,0%,0%,0%,6,6,7,4,4,7,6,7,6,7
140,Neurologist,28,"Office-based, solo practice ",160,50,50%,50%,5%,5%,90%,0%,0%,0%,100%,0%,15%,70%,15%,10%,1%,0%,0%,0%,7,7,5,6,6,4,5,2,5,3,4,6,5,7,4,3,,4,3,3,4,4,5,4,3,6,4,7,4,7,5,4,6,5,3,6,4,5,4,7,6,3,3,2,5,3,2,4,4,2,2,5,3,,,,,,,,,,,,,6,6,6,6,,,6,6,6,,,,6,80%,15%,60%,15%,10%,1%,0%,0%,0%,1,2,6,5,4,5,5,7,5,7
149,General Physician,12,"Office-based, group practice",200,25,40%,60%,20%,10%,40%,30%,20%,10%,30%,40%,20%,30%,30%,30%,20%,20%,20%,0%,7,7,7,6,7,7,7,6,7,6,7,6,6,6,5,5,5,5,6,5,5,5,5,5,6,4,6,4,5,5,6,6,5,5,6,5,5,5,5,6,5,6,6,6,6,6,6,6,6,5,6,5,6,6,5,5,5,5,5,6,6,6,6,5,5,5,6,7,6,,,7,7,7,,,,6,50%,10%,10%,10%,5%,5%,5%,5%,0%,6,6,6,6,6,6,6,6,6,6
156,Neurologist,33,"Office-based, solo practice ",600,60,75%,25%,60%,20%,10%,10%,20%,70%,10%,0%,35%,20%,5%,10%,5%,15%,10%,10%,6,6,7,5,6,6,4,4,6,7,7,6,4,6,3,2,2,6,6,6,5,6,6,5,2,6,7,7,6,6,6,6,6,6,6,3,2,6,6,6,6,4,4,2,6,4,1,3,4,3,2,5,3,4,2,4,3,5,3,4,4,3,3,4,2,6,5,5,5,,,7,5,7,,,,4,0%,10%,10%,10%,40%,100%,80%,20%,50%,7,1,5,5,5,4,3,5,5,5
158,General Physician,7,Community Hospital,100,40,30%,70%,60%,10%,30%,0%,40%,40%,20%,0%,40%,25%,10%,20%,0%,5%,0%,0%,7,6,7,6,5,7,4,4,5,7,6,5,7,7,6,,6,7,7,7,6,7,7,5,6,4,7,7,7,7,7,6,7,6,7,6,6,3,7,6,6,,,,,,,,,,,,,6,7,6,7,6,7,5,5,5,7,6,5,5,6,6,7,,,6,6,6,,,,6,30%,30%,30%,5%,5%,0%,0%,0%,0%,7,6,7,5,6,6,4,6,3,4
165,General Physician,24,"Office-based, group practice",450,30,78%,22%,55%,20%,20%,5%,30%,25%,45%,0%,5%,35%,15%,20%,5%,15%,5%,0%,7,7,6,7,7,6,5,5,6,5,5,6,5,6,6,4,6,5,4,4,5,3,7,7,4,7,5,7,3,6,7,6,7,6,6,6,6,5,5,7,6,5,5,4,7,1,2,6,3,2,1,7,5,6,4,5,4,5,5,5,5,5,5,6,5,7,7,7,7,,,6,6,7,,,,7,50%,2%,15%,8%,10%,3%,8%,4%,0%,7,1,7,6,5,6,2,6,5,6
166,General Physician,8,"Office-based, group practice",300,300,15%,85%,5%,0%,80%,15%,0%,0%,100%,0%,5%,80%,5%,10%,0%,0%,0%,0%,6,6,6,6,6,6,6,3,4,6,6,6,6,6,6,,,5,5,5,5,5,5,5,5,5,3,6,5,5,5,5,5,5,4,5,5,5,3,6,5,,,,,,,,,,,,,,,,,,,,,,,,,6,5,5,5,,,6,5,5,,,,5,50%,0%,50%,0%,0%,0%,0%,0%,0%,5,1,4,4,6,6,3,5,3,7
169,General Physician,19,"Office-based, group practice",800,75,70%,30%,30%,30%,20%,20%,30%,40%,10%,20%,30%,30%,10%,20%,5%,5%,0%,0%,7,6,7,6,6,6,7,7,7,7,7,6,5,6,6,6,6,5,6,6,6,5,7,6,6,5,6,6,6,7,7,7,7,6,7,7,6,6,6,6,6,6,6,6,7,5,7,7,6,7,6,6,7,6,5,7,5,5,5,6,6,6,6,6,6,7,7,7,7,,,7,7,7,,,,7,40%,20%,20%,10%,5%,5%,0%,0%,0%,3,6,6,5,7,6,6,6,6,6
170,Neurologist,6,"Office-based, group practice",200,150,75%,25%,5%,5%,90%,0%,5%,5%,90%,0%,5%,95%,0%,0%,0%,0%,0%,0%,7,7,7,7,7,7,7,7,7,7,7,7,7,7,,,,4,4,4,4,4,4,4,4,4,4,4,4,7,7,7,7,7,7,7,7,7,7,7,7,,,,,,,,,,,,,,,,,,,,,,,,,7,7,7,7,,,7,7,7,,,,7,0%,5%,95%,0%,0%,0%,0%,0%,0%,4,4,4,4,4,4,4,4,4,4
173,General Physician,23,"Office-based, group practice",246,122,12%,88%,0%,0%,100%,0%,0%,0%,100%,0%,5%,5%,15%,25%,30%,20%,0%,0%,6,7,6,6,7,6,7,6,6,6,5,6,6,5,6,7,7,6,7,7,6,6,5,6,6,6,5,6,7,7,6,7,5,7,6,6,6,7,6,7,7,7,6,7,7,6,6,6,7,6,7,6,6,7,7,5,6,7,5,6,6,6,6,6,6,7,7,4,6,,,3,4,7,,,,5,99%,0%,0%,0%,1%,0%,0%,0%,0%,7,6,6,6,5,6,6,7,5,7
176,General Physician,10,"Office-based, group practice",200,20,90%,10%,75%,5%,15%,5%,0%,40%,50%,10%,20%,60%,5%,5%,0%,0%,10%,0%,6,4,5,6,5,6,5,4,4,5,5,6,4,5,3,,,4,4,4,3,3,6,6,5,4,3,7,3,5,4,5,6,3,4,5,5,3,3,6,3,,,,,,,,,,,,,,,,,,,,,,,,,4,4,4,5,,,6,6,6,,,,4,20%,20%,50%,5%,5%,0%,0%,10%,0%,6,1,2,4,5,3,1,5,3,5
178,Neurologist,21,"Office-based, group practice",500,150,40%,60%,50%,0%,50%,0%,20%,30%,50%,0%,25%,30%,35%,20%,10%,20%,0%,0%,6,5,5,5,5,5,6,5,6,5,5,6,4,5,4,5,4,6,6,5,5,5,5,6,5,6,5,6,5,6,5,5,6,5,5,5,5,4,6,6,5,6,5,6,5,6,3,6,5,4,6,5,6,6,5,6,5,5,2,4,6,5,6,5,5,3,4,5,4,,,5,4,6,,,,4,25%,25%,25%,20%,20%,10%,10%,0%,0%,5,5,6,5,6,6,6,5,6,5
181,General Physician,5,"Office-based, group practice",500,150,75%,25%,50%,25%,25%,0%,25%,25%,50%,0%,50%,30%,0%,0%,0%,20%,0%,0%,7,7,6,6,6,6,4,4,6,7,6,7,4,6,,,6,4,3,1,5,3,3,5,6,6,4,6,5,6,5,5,6,5,4,5,5,2,4,4,6,,,,,,,,,,,,,6,6,6,6,2,5,4,5,5,3,3,3,7,6,6,6,,,6,6,6,,,,6,50%,30%,20%,0%,0%,0%,0%,0%,0%,6,7,6,5,6,6,7,5,6,6
187,General Physician,29,"Office-based, solo practice ",350,50,70%,30%,60%,20%,20%,0%,25%,35%,40%,0%,50%,20%,0%,0%,0%,30%,0%,0%,6,7,6,6,6,5,4,1,3,4,5,6,3,5,,,3,6,6,6,6,6,3,4,3,3,4,6,6,6,6,6,6,6,6,6,4,6,6,6,5,,,,,,,,,,,,,4,5,4,4,5,4,4,3,3,4,6,4,6,6,7,6,,,5,6,4,,,,6,40%,20%,40%,0%,0%,0%,0%,0%,0%,6,1,5,3,6,5,2,3,5,6
192,General Physician,20,"Office-based, group practice",600,75,65%,35%,45%,10%,45%,0%,10%,10%,80%,0%,50%,75%,25%,5%,2%,2%,0%,0%,7,7,7,6,7,7,7,4,5,5,4,7,3,5,4,1,2,4,4,4,3,4,5,4,4,3,4,7,4,6,4,4,5,4,4,6,6,5,2,7,4,1,1,1,2,1,1,1,1,4,1,4,1,4,4,3,4,3,3,2,2,4,2,4,2,7,6,6,6,,,5,5,7,,,,6,50%,50%,50%,10%,0%,0%,0%,0%,0%,6,1,7,6,4,4,1,3,7,7
201,Neurologist,8,"Office-based, group practice",400,300,60%,40%,50%,0%,50%,0%,25%,0%,75%,0%,40%,40%,10%,0%,0%,0%,10%,0%,7,6,6,5,7,5,5,5,6,6,7,7,6,6,,,,6,4,6,6,7,3,4,5,5,5,7,7,5,4,6,5,5,2,7,5,2,4,7,5,,,,,,,,,,,,,,,,,,,,,,,,,7,6,7,7,,,6,7,6,,,,6,75%,15%,10%,0%,0%,0%,0%,0%,0%,7,4,5,6,7,7,5,7,5,6
203,General Physician,20,"Office-based, group practice",425,60,95%,5%,50%,10%,30%,10%,0%,0%,100%,0%,20%,60%,0%,0%,10%,10%,0%,0%,6,6,4,6,6,5,3,4,4,6,6,7,5,7,,6,6,4,5,4,5,4,5,7,4,4,6,7,5,6,5,6,6,6,4,7,5,4,6,7,6,6,5,6,5,5,2,6,1,5,3,7,5,4,5,4,6,4,3,7,1,4,1,7,5,5,5,5,5,,,4,7,6,,,,5,5%,20%,55%,0%,0%,10%,10%,0%,0%,7,1,5,3,7,5,5,5,4,7
205,General Physician,10,"Office-based, group practice",500,50,80%,20%,50%,0%,40%,10%,0%,0%,100%,0%,70%,40%,40%,0%,0%,0%,20%,0%,6,7,7,7,7,6,6,7,5,6,7,5,5,6,,,,4,5,3,5,3,5,7,4,5,1,7,4,5,6,5,7,5,6,7,7,6,6,7,6,,,,,,,,,,,,,,,,,,,,,,,,,2,4,5,3,,,6,7,7,,,,4,20%,70%,40%,40%,0%,0%,0%,10%,0%,1,1,1,3,6,7,3,3,6,4
212,General Physician,6,"Office-based, group practice",250,225,30%,70%,60%,0%,30%,10%,0%,0%,100%,0%,40%,70%,20%,10%,0%,5%,0%,0%,6,6,6,6,6,6,3,2,4,5,3,4,4,5,5,,1,4,3,4,3,4,5,4,6,5,5,5,2,4,4,4,4,5,4,6,5,3,6,6,2,,,,,,,,,,,,,4,3,4,4,4,3,2,5,3,1,6,2,6,5,5,6,,,6,4,7,,,,4,70%,40%,60%,10%,10%,0%,5%,0%,0%,7,6,5,5,7,7,4,5,4,7
213,General Physician,11,"Office-based, group practice",200,20,90%,10%,25%,50%,25%,0%,25%,25%,50%,0%,100%,50%,20%,25%,0%,25%,0%,0%,7,6,7,7,6,6,7,6,5,6,7,6,4,5,4,,4,4,3,4,4,3,4,2,4,3,4,6,3,6,6,6,5,5,4,6,5,3,5,5,5,,,,,,,,,,,,,4,3,4,3,4,4,3,4,2,2,4,4,3,6,6,5,,,5,5,4,,,,5,80%,100%,20%,20%,0%,0%,0%,0%,0%,5,2,2,5,7,5,4,5,5,6
214,General Physician,18,Specialty clinic,400,400,50%,50%,25%,25%,50%,0%,0%,50%,50%,0%,25%,70%,0%,5%,0%,0%,0%,0%,7,7,7,7,7,7,7,7,7,7,7,7,4,6,5,,,5,4,5,4,5,4,5,4,5,4,4,5,6,5,6,5,6,5,6,5,6,5,5,6,,,,,,,,,,,,,,,,,,,,,,,,,4,4,4,4,,,4,4,4,,,,4,15%,20%,65%,0%,0%,0%,0%,0%,0%,5,4,4,5,4,5,4,5,4,5
217,General Physician,5,"Office-based, group practice",225,30,35%,65%,0%,20%,80%,0%,0%,70%,30%,0%,15%,75%,10%,0%,0%,0%,0%,0%,7,6,6,7,7,6,7,6,4,7,6,6,7,7,,,,7,7,7,7,7,7,7,7,7,7,7,7,7,6,6,6,7,6,6,6,6,6,6,6,,,,,,,,,,,,,,,,,,,,,,,,,6,7,7,7,,,7,7,7,,,,7,50%,20%,30%,0%,0%,0%,0%,0%,0%,7,7,7,7,7,7,7,7,7,7
218,Neurologist,16,"Office-based, group practice",400,80,50%,50%,50%,20%,30%,0%,30%,40%,30%,0%,60%,30%,20%,30%,2%,20%,10%,0%,7,7,7,6,7,6,6,6,6,5,5,7,6,6,6,5,5,6,4,6,6,5,6,5,6,6,5,5,6,6,5,5,6,6,6,5,6,5,6,6,5,5,4,5,5,6,6,5,4,2,5,7,5,4,6,5,5,4,4,4,5,6,5,5,5,5,5,5,5,,,5,6,5,,,,5,35%,50%,30%,15%,20%,2%,15%,10%,0%,5,5,6,6,6,6,5,6,6,5
223,General Physician,30,"Office-based, solo practice ",420,30,99%,1%,50%,0%,50%,0%,10%,0%,90%,0%,10%,90%,5%,1%,14%,10%,0%,0%,6,7,6,6,6,6,5,4,6,6,4,6,5,6,5,5,5,5,3,4,5,4,6,7,4,5,6,7,4,6,6,6,6,5,6,7,4,7,2,6,3,5,3,5,5,4,5,7,4,6,5,7,4,5,5,5,5,4,5,7,4,5,4,5,6,6,5,4,5,,,7,7,4,,,,4,20%,10%,80%,5%,1%,14%,10%,0%,0%,7,4,1,2,4,4,4,4,5,7
228,General Physician,9,"Office-based, group practice",200,20,70%,30%,5%,0%,0%,95%,10%,85%,0%,5%,15%,25%,0%,25%,0%,0%,0%,35%,7,6,5,6,5,6,1,2,4,3,6,7,3,5,5,,,4,6,6,5,5,4,2,3,3,4,6,6,6,6,6,6,5,4,4,3,3,4,6,6,,,,,,,,,,,,,,,,,,,,,,,,,4,7,7,7,,,4,5,4,,,,7,40%,15%,10%,0%,10%,0%,0%,0%,25%,6,1,4,4,6,3,3,6,5,6
229,General Physician,10,"Office-based, group practice",400,100,90%,10%,60%,10%,20%,10%,20%,30%,50%,0%,75%,70%,70%,20%,10%,20%,5%,0%,6,6,7,4,6,6,3,4,6,4,5,5,5,6,4,2,4,5,4,3,6,3,6,7,7,6,5,7,3,6,5,5,6,4,6,5,6,4,6,5,6,2,3,2,6,3,7,5,5,4,7,6,3,5,3,3,6,3,5,6,6,6,4,5,3,5,6,6,6,,,5,7,6,,,,5,50%,20%,50%,70%,10%,10%,10%,5%,0%,6,2,5,3,6,7,4,6,2,5
232,Neurologist,17,"Office-based, group practice",300,160,40%,60%,40%,0%,25%,35%,0%,5%,90%,5%,70%,60%,0%,15%,3%,3%,10%,0%,5,5,6,5,5,5,6,5,6,6,6,6,5,6,6,2,2,6,6,6,6,6,5,5,5,6,6,5,6,4,5,6,6,5,6,6,6,6,5,5,5,3,4,4,4,2,3,3,4,4,3,3,4,3,3,4,4,4,4,3,3,4,3,4,3,6,6,5,6,,,5,6,6,,,,6,50%,40%,40%,0%,10%,0%,0%,0%,0%,3,5,4,5,4,6,4,5,5,6
234,General Physician,5,"Office-based, group practice",340,25,50%,50%,25%,25%,25%,25%,25%,25%,25%,25%,30%,30%,30%,0%,5%,5%,0%,0%,7,7,7,7,7,2,1,1,1,7,7,7,7,7,,1,1,5,5,7,7,7,7,7,7,1,7,7,7,7,7,7,7,7,7,7,7,7,7,7,7,1,1,1,1,1,1,1,1,1,1,1,1,1,1,1,1,1,1,1,1,1,1,1,1,1,1,1,1,,,1,1,1,,,,1,0%,33%,33%,33%,0%,0%,0%,1%,0%,4,4,4,4,4,4,4,4,4,4
235,General Physician,9,"Office-based, solo practice ",250,50,50%,50%,50%,50%,0%,0%,25%,10%,65%,0%,50%,50%,0%,20%,10%,15%,0%,0%,5,7,3,6,6,6,6,3,6,7,7,6,4,5,4,2,4,5,2,5,4,4,4,7,3,5,1,7,3,6,4,5,5,4,5,5,4,6,4,6,4,4,5,4,3,4,4,4,4,5,3,4,4,4,3,5,4,4,5,5,4,4,5,3,5,4,4,3,3,,,7,7,3,,,,3,25%,50%,50%,0%,20%,10%,15%,0%,0%,7,1,2,4,3,7,4,4,4,4
236,General Physician,5,"Office-based, group practice",200,20,50%,50%,75%,0%,25%,0%,25%,0%,75%,0%,30%,30%,0%,0%,0%,20%,20%,0%,7,7,7,7,7,7,7,4,7,7,7,7,3,6,,,3,4,3,2,3,2,4,5,2,4,5,7,2,6,5,6,5,6,5,4,6,5,3,7,3,,,,,,,,,,,,,5,4,4,4,2,2,4,2,4,2,7,3,7,7,7,7,,,7,7,5,,,,7,75%,0%,25%,0%,0%,0%,0%,0%,0%,7,4,4,7,7,7,4,7,5,7
240,General Physician,25,"Office-based, group practice",400,50,75%,25%,50%,10%,40%,0%,5%,5%,90%,0%,20%,25%,5%,0%,0%,20%,30%,0%,7,7,6,7,6,7,7,6,7,7,7,7,6,5,,,6,7,7,6,3,3,3,7,4,7,6,7,7,6,5,6,3,4,3,6,5,6,6,6,6,,,,,,,,,,,,,5,4,4,6,5,4,5,5,3,7,7,6,6,5,7,5,,,4,3,6,,,,5,90%,5%,0%,0%,0%,0%,5%,0%,0%,5,1,4,7,5,6,3,4,6,7
245,General Physician,35,"Office-based, solo practice ",400,20,95%,5%,55%,35%,10%,0%,10%,60%,30%,0%,20%,50%,5%,1%,0%,1%,23%,0%,7,7,7,7,7,7,5,6,7,7,7,7,6,6,3,,1,4,5,5,4,6,5,5,5,4,2,7,5,5,5,5,5,6,4,6,5,4,5,7,6,,,,,,,,,,,,,4,5,5,4,2,2,4,4,4,2,5,2,4,5,5,6,,,6,6,6,,,,6,50%,40%,10%,0%,0%,0%,0%,0%,0%,6,4,3,5,6,7,2,4,6,6
249,General Physician,19,"Office-based, group practice",320,75,75%,25%,80%,10%,10%,0%,10%,20%,70%,0%,70%,50%,10%,5%,0%,10%,20%,0%,6,7,6,7,7,6,6,5,6,6,4,5,5,6,5,,5,5,4,5,6,6,5,5,5,5,3,5,5,6,6,6,7,7,5,6,6,5,5,6,2,,,,,,,,,,,,,5,6,6,4,5,3,5,5,4,6,5,6,6,6,6,6,,,4,6,6,,,,6,10%,60%,50%,10%,5%,0%,10%,20%,0%,6,3,2,5,4,6,4,7,2,5
258,General Physician,26,"Office-based, solo practice ",300,100,80%,20%,30%,50%,20%,0%,10%,60%,30%,0%,20%,50%,20%,0%,0%,10%,0%,0%,6,6,6,6,6,6,6,6,6,6,6,6,6,6,,,5,6,6,5,6,6,6,6,6,6,6,6,6,6,6,6,6,6,6,6,6,6,6,6,6,,,,,,,,,,,,,5,4,4,5,4,5,5,4,4,3,5,5,6,6,6,6,,,6,6,6,,,,6,80%,80%,80%,80%,80%,80%,80%,80%,0%,7,7,7,7,7,7,7,7,7,7
260,General Physician,8,"Office-based, group practice",200,20,85%,15%,15%,30%,50%,5%,5%,10%,80%,5%,75%,20%,5%,5%,5%,25%,40%,85%,6,3,5,5,6,7,6,7,6,7,7,6,6,6,4,2,5,5,6,4,4,5,7,5,6,4,5,7,6,6,6,6,7,6,4,7,7,4,4,7,7,3,1,2,6,3,1,4,4,2,1,5,3,5,4,4,5,3,5,5,6,5,2,6,6,5,6,7,7,,,7,6,7,,,,6,40%,75%,20%,0%,0%,5%,15%,20%,85%,7,4,7,6,6,6,4,7,7,7
264,General Physician,18,"Office-based, group practice",325,75,75%,25%,15%,5%,80%,0%,5%,0%,95%,0%,80%,80%,25%,15%,5%,80%,0%,5%,7,7,5,7,7,4,4,4,3,6,5,5,5,6,5,2,5,3,2,2,3,2,7,6,2,3,1,7,1,6,7,4,7,5,5,6,6,6,7,7,6,2,3,1,1,1,1,6,2,3,1,7,2,5,4,3,3,1,1,6,4,4,2,7,3,6,6,7,6,,,6,6,6,,,,7,50%,50%,50%,25%,10%,0%,30%,0%,5%,7,1,1,4,7,5,3,6,4,7
275,General Physician,14,"Office-based, group practice",280,200,50%,50%,45%,20%,35%,0%,10%,45%,45%,0%,10%,32%,25%,20%,3%,5%,5%,0%,7,7,7,7,7,7,4,5,5,4,7,7,3,6,6,2,4,3,3,4,5,2,5,3,6,4,2,7,4,7,7,7,5,7,3,7,7,4,7,7,7,1,2,2,2,2,1,4,4,2,2,7,1,3,3,2,3,3,3,3,3,2,3,2,3,4,4,5,3,,,4,4,3,,,,3,30%,0%,30%,30%,10%,0%,0%,0%,0%,5,1,5,4,4,5,2,5,4,6
277,General Physician,6,"Office-based, group practice",750,20,95%,5%,80%,0%,20%,0%,0%,0%,100%,0%,45%,40%,5%,0%,5%,5%,0%,0%,7,7,5,4,4,5,3,2,4,4,6,5,6,6,,2,4,5,7,5,5,4,7,3,7,7,6,7,4,6,6,6,5,5,2,6,4,3,5,7,5,5,5,5,6,2,3,2,4,5,2,7,4,5,4,6,5,5,3,2,4,6,1,6,4,4,5,3,5,,,5,4,6,,,,5,21%,45%,25%,5%,0%,2%,2%,0%,0%,7,2,5,4,6,4,5,5,4,6
280,General Physician,8,"Office-based, group practice",400,20,50%,50%,25%,25%,25%,25%,25%,10%,30%,35%,20%,15%,45%,5%,3%,2%,10%,0%,6,6,7,5,5,7,2,5,5,4,7,4,7,5,4,4,4,7,7,5,5,5,7,6,7,5,3,7,7,7,5,6,7,4,4,7,6,4,3,7,5,4,5,5,5,2,3,7,5,3,3,7,6,5,5,4,4,4,3,5,5,5,3,6,3,5,5,5,5,,,5,6,6,,,,5,30%,20%,10%,25%,3%,3%,2%,7%,0%,3,4,5,6,6,5,6,4,6,6
282,General Physician,6,"Office-based, group practice",216,25,70%,30%,80%,0%,20%,0%,0%,0%,100%,0%,15%,50%,30%,0%,0%,5%,0%,0%,7,5,6,5,5,5,5,5,5,6,5,5,5,6,,,3,4,2,1,3,2,3,4,2,4,2,5,3,5,5,4,4,4,4,4,4,4,4,4,3,,,,,,,,,,,,,2,2,2,2,2,2,2,2,2,1,1,2,5,6,6,5,,,5,6,6,,,,5,35%,15%,30%,20%,0%,0%,0%,0%,0%,5,2,2,3,6,7,4,5,4,6
290,General Physician,6,"Office-based, group practice",500,50,60%,40%,80%,5%,15%,0%,10%,10%,80%,0%,5%,80%,0%,0%,0%,10%,5%,0%,7,6,6,6,7,5,6,7,5,6,7,5,4,5,,,3,4,4,4,4,4,4,7,6,4,6,7,4,7,6,6,6,5,6,7,7,5,6,7,5,,,,,,,,,,,,,4,4,4,4,2,4,7,7,4,2,7,3,5,6,6,6,,,6,6,6,,,,6,40%,0%,60%,0%,0%,0%,0%,0%,0%,7,2,6,1,6,7,4,5,5,7
298,Neurologist,22,"Office-based, group practice",600,400,20%,80%,20%,20%,60%,0%,30%,20%,50%,0%,20%,20%,50%,30%,20%,20%,20%,0%,6,7,5,7,7,7,7,7,7,7,7,7,7,7,7,7,7,7,7,7,7,7,7,6,7,7,7,7,6,7,6,7,7,7,7,7,7,7,7,7,7,6,7,7,6,7,6,7,6,7,7,7,7,6,6,7,7,6,7,6,7,7,7,7,7,7,5,5,5,,,5,5,5,,,,5,20%,50%,20%,20%,50%,50%,20%,20%,0%,7,7,7,7,7,7,7,7,7,7
300,General Physician,25,"Office-based, group practice",600,70,70%,30%,15%,35%,50%,0%,0%,0%,100%,0%,45%,85%,10%,20%,2%,40%,0%,0%,7,7,6,7,6,4,4,4,6,5,5,7,3,5,5,6,4,3,3,3,2,1,5,3,3,7,6,7,3,5,5,5,5,5,3,7,4,4,4,6,5,5,5,4,6,4,3,7,4,7,2,6,6,4,4,3,4,4,4,2,3,7,2,7,4,7,7,7,7,,,7,7,7,,,,7,100%,0%,0%,0%,0%,0%,35%,0%,0%,6,5,7,5,5,7,5,7,7,7
302,General Physician,7,"Office-based, group practice",400,130,50%,50%,60%,0%,40%,0%,0%,0%,100%,0%,70%,70%,15%,30%,30%,60%,0%,0%,7,7,6,6,6,6,6,4,6,6,5,7,3,4,4,5,5,4,5,4,4,4,6,5,4,5,3,7,6,4,4,4,4,4,4,4,5,3,4,7,4,5,4,4,5,5,2,5,5,6,4,4,4,4,5,4,4,4,5,5,4,4,4,6,5,7,6,6,6,,,6,3,7,,,,6,50%,70%,70%,15%,30%,20%,40%,0%,0%,6,7,6,6,6,7,5,6,5,6
303,Neurologist,15,"Office-based, group practice",350,75,70%,30%,30%,20%,40%,10%,10%,20%,70%,0%,50%,60%,20%,20%,15%,25%,10%,0%,6,5,5,7,5,5,5,2,4,5,5,6,5,5,6,6,6,6,5,6,7,5,6,4,3,5,6,6,7,5,7,4,6,7,6,6,6,5,6,5,5,6,6,4,4,6,7,5,6,5,5,5,4,5,6,6,6,5,4,6,5,5,5,5,5,5,5,7,6,,,6,5,6,,,,6,15%,45%,50%,20%,20%,15%,25%,10%,0%,5,6,5,5,6,5,5,4,4,4
305,General Physician,28,"Office-based, solo practice ",200,100,30%,70%,20%,30%,50%,0%,10%,40%,50%,0%,10%,25%,15%,10%,10%,25%,5%,0%,7,7,7,7,7,5,6,6,4,6,7,7,3,6,5,5,6,5,6,5,3,4,7,7,5,4,7,7,5,7,6,7,6,6,3,6,6,4,6,7,6,6,6,6,7,6,1,7,4,2,2,7,7,6,7,6,7,6,1,6,5,2,2,7,7,6,6,6,7,,,6,6,6,,,,6,40%,5%,20%,10%,5%,5%,10%,5%,0%,7,5,6,6,7,7,3,7,4,7
307,General Physician,5,"Office-based, group practice",250,70,90%,10%,70%,10%,20%,0%,10%,10%,80%,0%,75%,30%,25%,0%,0%,20%,20%,0%,6,5,6,5,6,7,6,3,4,5,6,6,5,5,,,3,5,4,6,4,4,5,6,6,4,3,6,4,5,5,5,4,6,5,5,4,4,5,5,3,,,,,,,,,,,,,4,3,5,6,2,6,5,3,4,6,5,5,3,4,3,5,,,5,5,6,,,,5,20%,75%,30%,25%,0%,0%,10%,0%,0%,5,6,5,7,5,6,3,6,6,6
311,General Physician,11,"Office-based, solo practice ",350,35,75%,25%,55%,5%,30%,10%,15%,65%,15%,5%,35%,25%,40%,10%,5%,25%,10%,0%,6,6,5,5,5,5,4,5,5,5,4,7,6,6,4,3,5,5,4,5,5,4,6,6,6,6,5,6,5,6,6,6,6,5,4,5,5,4,5,6,6,4,3,3,6,4,2,6,4,6,5,6,4,5,5,6,5,4,3,6,5,6,5,6,6,6,6,5,6,,,5,5,6,,,,7,40%,25%,10%,25%,5%,3%,20%,10%,0%,7,4,4,5,6,5,5,5,5,6
313,General Physician,19,"Office-based, group practice",300,75,70%,30%,50%,30%,20%,0%,50%,30%,20%,0%,10%,30%,20%,20%,10%,10%,0%,0%,5,5,6,6,6,5,6,5,6,6,6,6,5,6,5,5,5,6,6,6,6,6,6,5,3,5,6,6,6,6,6,6,5,6,6,6,5,5,5,6,5,5,6,6,5,6,6,6,5,5,6,6,6,6,6,6,5,6,6,6,5,5,5,6,5,4,3,3,3,,,3,3,3,,,,3,10%,0%,30%,20%,20%,10%,10%,0%,0%,6,6,5,6,5,5,5,6,6,6
316,General Physician,24,"Office-based, group practice",700,45,40%,60%,40%,10%,50%,0%,0%,20%,80%,0%,20%,50%,20%,0%,0%,0%,20%,0%,4,5,5,5,5,5,6,6,5,5,5,6,4,5,,,,5,4,5,5,4,4,5,4,5,4,6,5,4,4,4,5,4,5,4,4,5,5,4,4,,,,,,,,,,,,,,,,,,,,,,,,,5,5,5,5,,,4,4,4,,,,4,25%,20%,36%,20%,0%,0%,0%,0%,0%,5,5,5,4,5,5,5,5,5,5
326,General Physician,7,"Office-based, solo practice ",500,50,70%,30%,70%,10%,20%,0%,40%,40%,10%,10%,10%,30%,40%,10%,5%,5%,0%,0%,6,7,7,7,7,7,7,5,5,5,7,7,6,7,5,5,6,3,3,4,5,3,7,4,6,4,7,7,5,6,5,7,7,4,5,7,6,5,7,7,2,7,4,6,4,4,3,4,7,2,1,7,6,6,5,6,5,5,1,4,6,5,1,7,7,6,7,5,6,,,6,6,7,,,,6,40%,5%,20%,20%,5%,5%,5%,0%,0%,7,4,7,4,6,5,7,6,4,7
332,General Physician,23,"Office-based, group practice",400,45,90%,10%,95%,0%,5%,0%,0%,0%,100%,0%,65%,95%,15%,0%,0%,0%,0%,0%,7,7,6,7,7,6,7,2,5,5,6,7,2,5,,,,3,2,2,4,3,6,2,4,5,1,6,1,6,6,5,6,5,7,7,6,6,4,7,3,,,,,,,,,,,,,,,,,,,,,,,,,4,4,3,4,,,6,2,5,,,,3,20%,65%,80%,10%,0%,0%,0%,0%,0%,7,1,6,1,6,4,3,6,3,7
333,General Physician,23,"Office-based, group practice",500,25,70%,30%,70%,20%,10%,0%,30%,50%,20%,0%,5%,65%,25%,0%,0%,5%,0%,0%,5,4,5,4,6,6,5,2,3,5,6,5,4,5,,,3,4,3,4,5,3,6,5,4,4,2,6,3,4,5,4,4,4,5,5,3,3,3,6,4,,,,,,,,,,,,,3,3,2,2,3,2,5,3,3,2,6,4,2,4,4,4,,,4,5,3,,,,3,5%,5%,60%,25%,0%,0%,5%,0%,0%,5,2,2,3,5,5,3,5,3,6
334,General Physician,9,Community Hospital,850,215,70%,30%,27%,5%,65%,3%,5%,5%,89%,1%,15%,45%,60%,35%,0%,14%,15%,0%,7,6,6,7,7,6,5,5,5,6,6,6,5,6,5,,4,4,4,4,4,3,5,6,5,5,4,7,5,6,6,6,6,6,3,5,6,5,4,7,6,,,,,,,,,,,,,5,5,5,5,4,5,6,4,5,6,6,5,5,5,5,5,,,6,7,5,,,,5,30%,10%,35%,50%,25%,0%,6%,15%,0%,6,4,4,4,6,7,5,5,4,7
342,Neurologist,28,"Office-based, group practice",375,120,70%,30%,50%,5%,40%,5%,10%,30%,60%,0%,4%,90%,3%,1%,1%,1%,0%,0%,6,6,5,7,7,6,4,4,4,5,6,7,2,6,5,2,2,2,2,2,5,2,3,2,3,2,1,6,3,5,6,5,5,6,5,6,5,4,3,7,6,4,2,2,6,2,4,2,2,4,2,6,5,3,3,2,5,3,4,3,3,4,2,6,5,7,6,6,6,,,7,7,7,,,,6,60%,2%,33%,2%,1%,1%,1%,0%,0%,4,2,6,5,3,6,5,5,6,7
351,General Physician,18,"Office-based, group practice",300,20,80%,20%,80%,10%,10%,0%,30%,50%,20%,0%,10%,50%,10%,0%,10%,20%,0%,0%,6,5,6,6,6,5,5,5,5,6,6,5,5,6,,4,4,5,5,5,4,5,6,5,6,4,5,5,5,6,6,6,6,5,5,6,6,4,4,6,6,3,3,3,4,4,2,1,4,5,3,4,3,3,3,3,4,3,4,3,3,3,2,4,3,6,6,7,6,,,5,4,6,,,,6,30%,0%,40%,10%,10%,0%,10%,0%,0%,5,3,6,5,4,6,5,6,5,6
357,General Physician,13,Academic or teaching Hospital,300,40,60%,40%,50%,0%,50%,0%,10%,30%,60%,0%,50%,50%,0%,0%,0%,0%,0%,0%,7,7,7,7,7,7,6,5,6,7,5,7,4,6,,,,5,5,3,4,5,5,6,4,6,5,7,5,6,6,6,6,6,4,6,5,5,5,6,6,,,,,,,,,,,,,,,,,,,,,,,,,5,6,6,6,,,5,6,5,,,,6,25%,40%,35%,0%,0%,0%,0%,0%,0%,4,5,6,7,7,4,4,4,4,6
365,Neurologist,11,"Office-based, group practice",200,50,85%,15%,95%,0%,5%,0%,30%,0%,70%,0%,30%,80%,20%,1%,0%,0%,5%,0%,6,5,4,7,6,3,5,3,4,6,5,5,3,5,4,,,4,5,5,5,5,4,5,4,6,6,6,6,4,4,4,5,5,5,4,3,5,6,5,5,,,,,,,,,,,,,,,,,,,,,,,,,4,4,4,5,,,6,5,4,,,,4,15%,30%,70%,15%,1%,0%,0%,0%,0%,5,3,3,5,3,3,3,5,5,5
368,Neurologist,6,Community Hospital,250,50,70%,30%,35%,10%,50%,5%,0%,5%,90%,5%,25%,15%,25%,15%,5%,15%,0%,0%,6,7,5,6,6,6,5,4,5,5,4,7,5,5,6,3,4,6,3,5,7,5,3,6,5,5,5,7,5,5,6,5,6,5,4,6,5,5,4,7,6,5,3,3,5,3,3,6,3,3,5,7,4,4,4,4,6,4,3,4,4,4,1,7,6,5,5,5,5,,,5,6,6,,,,6,10%,25%,15%,20%,10%,5%,15%,0%,0%,6,5,6,3,5,5,4,5,4,6
369,General Physician,8,"Office-based, group practice",100,80,75%,25%,40%,0%,20%,40%,0%,50%,50%,0%,75%,40%,0%,0%,0%,25%,0%,0%,6,2,4,5,5,5,4,5,4,5,6,4,6,5,,,5,6,4,4,6,4,4,4,5,4,4,7,4,6,4,4,5,4,3,4,4,4,4,5,4,,,,,,,,,,,,,4,4,4,4,2,2,4,3,3,4,5,4,4,4,3,4,,,3,4,3,,,,4,10%,75%,40%,0%,0%,0%,25%,0%,0%,5,5,3,6,5,5,4,4,5,5
372,Neurologist,24,"Office-based, group practice",225,130,70%,30%,20%,45%,30%,5%,15%,50%,25%,10%,25%,40%,20%,25%,15%,5%,5%,0%,7,6,6,7,5,7,5,1,2,4,5,4,3,5,5,1,1,4,4,3,4,3,3,5,2,3,6,7,4,7,6,6,5,7,6,6,6,5,6,7,5,4,6,4,7,6,1,5,2,2,1,7,5,3,3,5,5,3,1,6,2,1,4,7,3,6,7,5,6,,,6,7,6,,,,7,25%,15%,40%,20%,25%,5%,5%,5%,0%,7,2,5,3,7,6,4,6,4,7
373,Neurologist,19,"Office-based, group practice",300,60,30%,70%,30%,20%,50%,0%,0%,20%,80%,0%,20%,60%,20%,20%,0%,0%,0%,0%,7,5,5,6,7,6,6,5,5,6,5,7,3,7,6,,,4,3,3,5,3,7,7,4,4,3,7,4,6,7,7,6,6,4,5,7,5,6,5,5,,,,,,,,,,,,,,,,,,,,,,,,,7,6,7,7,,,5,7,7,,,,7,40%,10%,40%,20%,20%,0%,0%,0%,0%,7,5,7,5,7,7,6,7,7,7
375,Neurologist,17,"Office-based, solo practice ",700,70,85%,15%,75%,5%,10%,10%,40%,10%,45%,5%,35%,40%,30%,10%,5%,15%,10%,0%,7,7,7,6,7,5,4,3,5,5,7,7,5,6,4,5,5,5,5,5,6,5,6,6,5,6,3,7,5,6,6,6,6,6,5,5,5,5,5,7,6,5,5,5,6,4,4,5,4,4,4,7,5,5,5,5,5,5,4,5,5,4,4,7,5,5,5,5,5,,,5,6,5,,,,5,20%,30%,35%,30%,8%,4%,13%,8%,0%,5,6,4,5,6,6,6,6,5,6
376,General Physician,6,"Office-based, group practice",240,20,70%,30%,75%,5%,15%,5%,10%,30%,60%,0%,60%,5%,5%,5%,5%,10%,10%,0%,7,7,6,5,7,6,6,3,5,7,6,7,5,5,5,4,6,5,4,4,4,4,5,7,4,5,2,7,2,6,4,5,6,4,4,4,2,3,4,4,6,5,5,2,4,2,1,5,4,2,1,5,6,5,6,6,4,6,4,6,4,4,2,5,4,5,5,6,6,,,5,5,5,,,,6,40%,30%,10%,10%,5%,0%,5%,0%,0%,6,4,3,5,7,5,4,6,5,6
377,General Physician,25,"Office-based, solo practice ",540,45,65%,35%,15%,15%,65%,5%,10%,25%,65%,0%,10%,60%,10%,5%,5%,5%,5%,0%,7,6,6,6,7,6,5,5,6,6,6,6,5,6,3,4,5,6,6,5,6,5,5,6,5,5,5,7,5,6,6,6,7,6,5,5,6,5,6,7,6,4,5,5,6,5,3,5,2,4,7,6,5,5,5,5,5,5,4,5,5,5,6,5,4,6,7,7,6,,,6,7,7,,,,7,20%,10%,40%,10%,5%,5%,5%,5%,0%,7,2,4,6,5,7,5,5,6,7
378,General Physician,21,"Office-based, group practice",400,75,40%,60%,10%,20%,40%,30%,25%,35%,20%,20%,35%,30%,25%,20%,20%,5%,5%,0%,6,5,7,6,6,7,5,5,6,7,6,7,6,6,7,7,4,6,7,6,6,6,6,7,6,7,6,7,6,6,6,6,7,7,6,7,6,7,6,6,7,6,5,4,5,4,5,5,5,4,7,5,4,3,3,4,3,3,3,3,4,5,4,4,3,6,6,7,6,,,7,7,7,,,,6,35%,20%,0%,25%,10%,15%,0%,5%,0%,5,7,7,7,6,7,7,7,7,7
379,General Physician,9,"Office-based, group practice",400,30,40%,60%,20%,25%,35%,20%,25%,40%,30%,5%,30%,20%,15%,25%,10%,0%,0%,0%,4,6,4,3,7,5,6,6,7,4,6,6,4,7,3,6,,6,5,7,7,6,2,5,5,6,6,5,4,7,4,6,6,7,4,3,6,5,5,4,6,6,4,3,7,2,5,5,7,7,6,6,5,,,,,,,,,,,,,5,3,2,4,,,3,2,2,,,,5,20%,15%,5%,15%,20%,15%,10%,0%,0%,7,5,4,2,5,3,7,7,7,6
385,Neurologist,12,Academic or teaching Hospital,100,50,50%,50%,20%,20%,30%,30%,20%,20%,30%,30%,20%,20%,20%,20%,20%,0%,0%,0%,4,5,4,4,3,3,1,3,5,6,4,6,3,6,5,4,,5,4,3,4,5,4,3,5,4,3,4,5,5,4,3,4,4,3,4,3,2,3,3,4,4,4,4,4,4,4,4,4,4,4,4,3,,,,,,,,,,,,,4,6,4,2,,,5,7,4,,,,5,10%,10%,20%,20%,20%,20%,0%,0%,0%,5,5,6,5,5,4,5,6,5,6
387,General Physician,20,"Office-based, group practice",300,20,80%,20%,70%,10%,20%,0%,10%,10%,80%,0%,6%,60%,15%,0%,2%,2%,15%,0%,7,7,7,7,7,6,5,5,7,7,7,5,4,5,,1,2,5,4,5,4,5,6,5,5,6,4,7,2,6,6,6,5,5,5,6,5,4,6,7,2,5,4,5,4,4,2,5,2,3,1,7,3,4,4,4,4,3,2,5,2,3,6,2,3,7,6,6,6,,,7,6,6,,,,6,54%,6%,30%,5%,0%,0%,0%,5%,0%,7,1,2,3,3,6,3,7,4,7
392,Neurologist,15,"Office-based, group practice",500,90,60%,40%,20%,10%,70%,0%,5%,20%,75%,0%,8%,32%,41%,9%,2%,3%,5%,0%,6,7,6,6,6,6,5,5,5,7,6,6,3,4,3,2,2,2,2,3,3,3,3,3,5,5,5,6,3,2,3,3,3,2,3,3,6,3,6,7,3,2,2,2,3,2,4,3,6,4,6,7,2,3,5,2,3,3,3,2,5,3,6,6,5,7,6,7,6,,,2,7,7,,,,6,50%,8%,20%,10%,5%,2%,1%,4%,0%,7,6,6,3,6,3,5,5,5,6
398,General Physician,25,"Office-based, group practice",500,100,70%,30%,40%,10%,30%,20%,10%,40%,40%,10%,60%,60%,40%,60%,10%,10%,0%,0%,7,6,6,6,5,5,5,3,5,4,5,5,4,5,5,4,4,5,4,5,6,3,6,5,4,4,5,6,5,5,5,5,6,4,4,6,5,5,5,6,5,6,5,4,6,3,4,6,4,4,4,6,6,4,4,3,3,3,3,4,3,3,3,5,3,3,4,3,4,,,3,4,4,,,,4,10%,50%,60%,40%,60%,10%,10%,0%,0%,5,3,3,4,4,4,3,4,4,5
400,General Physician,20,"Office-based, group practice",530,200,30%,70%,40%,0%,50%,10%,10%,0%,90%,0%,30%,90%,5%,0%,5%,15%,0%,0%,7,7,7,7,7,6,5,5,5,5,7,7,5,6,,5,4,5,5,5,5,5,5,7,6,5,5,7,5,6,6,6,6,6,6,7,7,5,5,7,6,5,5,5,5,5,5,7,5,5,5,7,5,4,4,4,4,4,4,7,5,4,4,7,4,7,7,7,7,,,6,7,7,,,,7,75%,20%,50%,5%,0%,0%,5%,0%,0%,6,3,7,5,7,7,5,5,7,7
404,General Physician,21,"Office-based, group practice",530,45,80%,20%,65%,0%,30%,5%,0%,0%,100%,0%,40%,75%,0%,0%,10%,15%,0%,0%,6,6,6,4,3,5,5,2,3,3,5,4,4,5,,2,4,3,4,2,3,3,5,5,2,4,5,7,4,5,6,6,5,4,3,5,6,3,3,7,5,5,3,2,5,2,3,3,3,5,1,7,5,3,3,4,3,2,3,2,2,4,2,2,3,6,5,3,6,,,7,5,6,,,,4,60%,40%,75%,0%,0%,10%,15%,0%,0%,7,1,6,5,4,6,4,4,6,7
406,General Physician,13,"Office-based, solo practice ",100,20,75%,25%,90%,0%,10%,0%,0%,75%,25%,0%,45%,30%,0%,10%,0%,15%,0%,0%,7,7,7,5,7,7,4,4,5,6,6,6,3,6,5,,5,5,3,3,3,3,6,5,3,4,3,6,2,6,5,7,5,5,6,7,4,5,3,7,6,,,,,,,,,,,,,7,5,5,6,5,3,6,4,4,3,5,5,5,7,5,6,,,6,5,5,,,,6,25%,10%,20%,10%,25%,0%,10%,0%,0%,7,7,2,4,5,6,2,6,5,6
409,General Physician,30,"Office-based, group practice",500,50,90%,10%,25%,0%,75%,0%,0%,0%,100%,0%,25%,95%,0%,5%,10%,10%,0%,0%,7,7,5,6,5,4,5,6,4,6,3,6,5,7,5,4,5,4,4,5,6,5,6,7,5,5,3,6,5,7,7,7,7,7,7,7,6,6,7,7,7,5,5,5,5,5,5,7,5,5,2,7,6,5,5,5,5,5,6,7,5,6,1,6,5,7,6,6,6,,,6,6,6,,,,6,65%,25%,95%,0%,5%,5%,5%,0%,0%,5,2,5,2,4,5,4,5,4,6
416,General Physician,14,"Office-based, group practice",355,30,80%,20%,90%,0%,10%,0%,35%,0%,65%,0%,85%,70%,35%,10%,3%,2%,0%,0%,7,6,6,7,7,5,5,3,4,5,3,6,3,6,5,1,3,4,4,4,5,3,6,7,4,6,6,7,3,6,6,7,6,6,5,6,5,5,4,7,6,5,4,4,6,5,2,6,3,3,1,7,6,4,5,3,4,4,3,4,3,2,3,6,3,6,5,6,4,,,4,5,6,,,,5,25%,85%,70%,20%,7%,2%,2%,0%,0%,4,7,5,2,5,6,4,5,4,6
1403,General Physician,19,"Office-based, group practice",350,20,95%,5%,20%,20%,50%,10%,10%,30%,40%,20%,25%,25%,20%,33%,30%,25%,10%,0%,6,7,6,7,7,6,4,2,3,6,2,7,4,6,6,6,5,4,3,5,3,6,3,7,6,5,7,7,5,5,6,5,6,6,3,5,5,4,4,5,5,5,5,5,7,6,5,5,6,4,7,7,5,5,6,5,6,4,4,5,7,4,7,7,5,6,5,6,6,,,7,7,5,,,,6,20%,20%,10%,9%,15%,16%,10%,0%,0%,7,4,6,7,5,7,4,5,7,7
2407,Neurologist,18,"Office-based, group practice",350,75,60%,40%,40%,30%,20%,10%,25%,35%,30%,10%,50%,50%,0%,0%,0%,15%,30%,0%,6,7,7,7,7,7,7,6,6,6,7,7,6,6,,,4,6,5,6,5,5,5,7,7,6,4,7,5,6,6,6,6,5,5,6,6,6,5,7,5,,,,,,,,,,,,,4,5,5,4,4,4,5,4,3,4,4,4,6,6,6,7,,,5,7,5,,,,5,35%,40%,50%,0%,0%,0%,10%,20%,0%,6,4,5,6,6,6,6,6,3,7
2410,Neurologist,11,"Office-based, group practice",200,60,50%,50%,30%,35%,35%,0%,30%,35%,35%,0%,0%,20%,20%,20%,20%,20%,0%,0%,6,6,6,7,7,7,6,6,6,7,6,6,,7,6,7,6,,,,,,,,,,,,,6,6,6,6,6,7,7,7,7,7,6,6,7,7,7,6,6,6,6,7,7,6,6,6,6,7,7,6,7,6,6,7,6,6,7,6,6,6,6,7,,,6,6,7,,,,6,20%,20%,20%,20%,10%,10%,0%,0%,0%,6,6,6,5,5,6,5,6,5,6
2411,General Physician,18,Community Hospital,180,30,70%,30%,25%,20%,25%,30%,30%,25%,30%,15%,40%,20%,5%,5%,5%,10%,15%,0%,7,7,6,6,7,6,6,7,7,6,6,6,5,6,6,6,5,5,6,5,4,5,5,4,6,5,5,7,5,6,5,4,5,5,6,5,5,6,6,5,6,5,6,6,5,7,5,5,6,6,4,7,5,5,7,7,7,6,7,6,6,6,6,7,6,7,6,7,7,,,7,7,6,,,,7,30%,20%,10%,5%,5%,5%,10%,15%,0%,7,7,7,7,7,7,7,7,7,7
2412,General Physician,10,"Office-based, group practice",400,100,50%,50%,50%,50%,0%,0%,50%,50%,0%,0%,20%,20%,10%,20%,10%,10%,10%,0%,7,6,6,6,5,7,6,5,6,6,6,6,6,5,5,6,6,5,5,4,5,5,5,5,6,5,5,6,5,5,5,5,5,6,5,6,6,6,5,5,6,6,4,5,6,5,6,5,5,5,5,5,6,5,5,5,5,5,6,5,5,5,5,6,6,6,4,4,4,,,3,5,4,,,,3,5%,15%,20%,10%,20%,10%,10%,10%,0%,5,5,5,6,5,6,5,6,5,5
2413,General Physician,33,"Office-based, group practice",400,25,95%,5%,80%,0%,20%,0%,20%,0%,80%,0%,0%,80%,0%,0%,0%,10%,10%,0%,7,7,7,6,7,6,6,5,5,6,5,6,,6,,,5,,,,,,,,,,,,,6,6,6,6,6,5,6,4,6,7,7,5,,,,,,,,,,,,,5,5,5,4,5,4,4,4,3,2,5,4,6,4,4,4,,,6,7,6,,,,6,30%,0%,80%,0%,0%,0%,10%,10%,0%,5,4,6,2,4,6,4,6,4,7
2418,General Physician,25,"Office-based, group practice",200,20,75%,25%,10%,55%,15%,20%,10%,45%,40%,5%,40%,15%,10%,5%,5%,10%,10%,5%,7,7,7,7,7,7,7,7,7,7,7,7,4,4,4,4,5,4,4,5,5,5,5,5,4,3,6,5,5,4,4,3,4,4,3,4,4,4,5,4,4,5,5,3,5,3,4,5,3,4,6,5,5,5,5,5,5,4,4,5,4,4,6,5,4,7,7,7,7,,,7,7,7,,,,7,90%,5%,0%,0%,0%,0%,0%,0%,5%,1,1,7,7,4,7,4,7,7,7
2424,General Physician,24,"Office-based, solo practice ",600,20,99%,1%,50%,20%,30%,0%,50%,20%,30%,0%,50%,50%,5%,0%,5%,5%,5%,0%,6,6,6,6,6,6,6,6,6,6,7,6,5,5,,5,3,6,5,6,6,6,6,6,5,5,5,6,5,5,6,5,6,5,5,5,5,6,6,5,6,5,5,5,5,5,6,5,5,6,5,5,4,5,4,5,5,4,5,6,5,5,5,5,5,6,5,5,6,,,5,5,6,,,,5,33%,35%,35%,5%,0%,5%,5%,5%,0%,5,1,5,6,5,6,5,6,6,5
2439,General Physician,6,"Office-based, group practice",300,50,50%,50%,40%,20%,35%,5%,25%,35%,35%,5%,25%,50%,0%,5%,25%,15%,0%,0%,6,5,5,5,5,3,3,4,3,3,4,6,4,6,3,3,4,5,6,5,5,4,4,6,5,4,5,6,5,6,6,6,5,5,4,6,5,4,3,6,5,5,4,5,4,5,3,3,3,4,3,6,4,4,4,4,3,5,3,4,3,3,2,5,4,7,6,6,6,,,5,4,6,,,,6,70%,20%,25%,0%,0%,15%,5%,0%,0%,5,6,6,3,3,6,5,3,6,6
2442,General Physician,20,"Office-based, group practice",400,30,75%,25%,85%,0%,10%,5%,15%,0%,85%,0%,80%,30%,5%,5%,2%,2%,0%,0%,5,6,5,6,7,5,5,1,5,6,5,6,4,5,5,5,5,4,3,5,5,4,7,7,5,5,4,7,3,4,5,5,7,4,4,5,5,5,6,7,5,5,4,6,5,5,1,7,4,4,2,5,5,4,4,4,5,4,1,5,5,5,3,5,5,4,4,3,4,,,2,5,4,,,,3,6%,79%,29%,4%,4%,1%,1%,0%,0%,5,4,4,5,7,5,3,5,5,7
2447,General Physician,19,"Office-based, group practice",250,25,50%,50%,25%,25%,25%,25%,25%,25%,25%,25%,50%,50%,0%,0%,0%,0%,0%,0%,6,5,5,5,5,6,6,4,4,6,6,6,4,5,,,,4,3,3,3,3,5,4,4,3,4,6,2,5,5,4,5,3,4,5,4,5,3,5,4,,,,,,,,,,,,,,,,,,,,,,,,,4,4,4,5,,,5,4,4,,,,4,2%,48%,50%,0%,0%,0%,0%,0%,0%,5,1,1,5,6,6,5,5,3,4
2448,General Physician,25,"Office-based, group practice",500,30,85%,15%,50%,0%,50%,0%,0%,0%,100%,0%,60%,98%,5%,0%,0%,35%,0%,0%,4,4,5,5,4,5,5,5,4,5,4,5,4,6,,,5,3,2,3,3,3,4,6,4,2,3,6,4,6,5,6,6,5,4,6,6,5,5,6,6,,,,,,,,,,,,,4,4,2,4,4,3,5,4,3,4,4,4,4,4,4,5,,,3,6,4,,,,4,10%,50%,98%,5%,0%,0%,35%,0%,0%,6,6,7,5,6,5,4,6,3,6
2451,Neurologist,22,"Office-based, group practice",150,80,35%,65%,15%,15%,70%,0%,0%,10%,90%,0%,25%,60%,5%,5%,0%,0%,5%,0%,7,7,7,7,7,7,6,6,7,7,6,7,5,5,5,,,5,5,5,5,4,5,5,4,5,4,6,5,5,5,5,6,5,5,6,5,5,4,6,5,,,,,,,,,,,,,,,,,,,,,,,,,7,6,7,6,,,6,5,6,,,,6,25%,15%,45%,5%,5%,0%,0%,5%,0%,6,4,5,6,6,5,5,5,4,7
2452,Neurologist,26,"Office-based, group practice",200,45,75%,25%,60%,20%,10%,10%,20%,40%,40%,0%,20%,50%,5%,10%,5%,10%,0%,0%,7,4,5,5,3,6,6,4,3,4,6,6,4,5,3,1,2,5,4,5,4,2,4,2,3,4,6,7,4,5,4,5,6,3,6,7,5,2,6,6,1,1,3,1,2,2,7,5,1,1,7,1,2,3,4,4,1,2,6,3,2,1,7,7,4,3,5,5,4,,,7,5,2,,,,6,20%,10%,45%,0%,10%,5%,10%,0%,0%,4,5,5,5,6,4,4,4,5,5
2453,Neurologist,6,Academic or teaching Hospital,250,60,75%,25%,25%,25%,45%,5%,5%,50%,40%,5%,35%,35%,0%,5%,0%,20%,5%,0%,5,6,5,6,5,5,5,3,6,6,6,5,5,5,3,,4,4,5,5,6,5,5,5,4,6,4,4,4,5,4,5,5,5,5,4,4,5,4,5,5,,,,,,,,,,,,,5,4,4,4,4,5,5,5,5,5,5,4,5,5,5,5,,,4,5,4,,,,4,20%,30%,30%,0%,0%,0%,15%,5%,0%,4,3,3,4,5,3,5,5,6,4
2455,Neurologist,16,"Office-based, group practice",350,90,55%,45%,10%,2%,85%,3%,3%,2%,93%,2%,10%,55%,15%,15%,12%,15%,10%,0%,6,7,6,6,6,6,5,5,4,5,6,6,4,6,5,5,5,5,5,5,5,5,6,6,5,6,5,6,5,6,6,6,6,6,5,6,6,5,6,6,5,6,6,5,5,6,5,6,5,5,4,6,6,6,6,5,5,5,5,6,5,5,5,6,5,7,6,6,5,,,6,6,7,,,,6,35%,10%,45%,15%,12%,10%,12%,5%,0%,4,4,6,3,5,6,5,5,5,6
2457,General Physician,11,"Office-based, group practice",200,20,60%,40%,20%,30%,40%,10%,5%,25%,70%,0%,65%,30%,0%,0%,0%,5%,0%,0%,5,5,5,4,4,5,5,5,5,4,4,5,5,5,,,3,5,4,5,6,5,4,7,5,3,5,7,5,5,5,5,4,6,5,6,6,5,3,6,5,,,,,,,,,,,,,5,3,5,5,4,2,5,2,5,4,5,4,5,7,5,5,,,7,7,6,,,,7,20%,55%,25%,0%,0%,0%,0%,0%,0%,5,5,5,5,5,4,4,5,6,5
2458,Neurologist,17,"Office-based, group practice",240,150,65%,35%,20%,40%,40%,0%,0%,70%,30%,0%,30%,80%,0%,0%,0%,5%,0%,0%,6,6,6,5,6,6,5,5,6,5,5,6,5,5,,,4,4,4,5,4,5,6,5,6,6,4,7,5,5,6,5,6,5,4,6,6,5,5,7,4,,,,,,,,,,,,,4,5,3,5,3,3,4,3,4,1,6,4,7,5,6,5,,,4,4,7,,,,4,20%,30%,70%,0%,0%,0%,5%,0%,0%,6,3,6,5,4,5,4,6,5,7
2464,General Physician,9,"Office-based, group practice",420,60,80%,20%,60%,10%,25%,5%,5%,10%,85%,0%,70%,70%,0%,0%,0%,5%,50%,0%,4,7,7,6,6,6,5,4,4,5,4,6,5,6,,,2,5,5,5,5,5,5,7,5,4,5,7,5,5,5,6,5,4,6,6,4,6,5,6,5,,,,,,,,,,,,,4,3,4,6,1,1,6,1,4,1,4,3,5,5,5,5,,,7,7,6,,,,5,20%,70%,60%,0%,0%,0%,2%,50%,0%,6,4,6,6,4,6,4,5,6,7
2469,General Physician,20,Specialty clinic,200,101,60%,40%,50%,40%,10%,0%,50%,40%,10%,0%,20%,20%,10%,30%,20%,0%,0%,0%,5,5,4,5,5,5,4,4,5,5,4,5,4,4,5,4,,4,4,4,4,4,5,5,4,4,5,4,4,4,4,5,4,4,5,4,4,4,4,5,4,5,4,4,4,4,5,4,4,4,5,4,4,,,,,,,,,,,,,5,5,5,5,,,5,5,5,,,,4,0%,30%,20%,10%,20%,20%,0%,0%,0%,4,4,4,5,5,5,4,4,4,5
2472,Neurologist,25,"Office-based, group practice",222,60,60%,40%,30%,0%,70%,0%,10%,0%,90%,0%,20%,90%,20%,1%,0%,0%,0%,0%,5,6,4,6,6,6,6,4,4,5,6,6,3,5,3,,,4,3,3,4,4,6,6,3,4,3,7,4,5,5,6,5,5,4,6,6,4,2,6,6,,,,,,,,,,,,,,,,,,,,,,,,,6,7,6,6,,,7,7,7,,,,7,40%,40%,70%,20%,0%,0%,0%,0%,0%,6,3,4,4,6,6,4,5,6,7
2474,Neurologist,26,"Office-based, group practice",800,100,70%,30%,30%,0%,70%,0%,0%,0%,100%,0%,0%,99%,1%,1%,1%,2%,0%,0%,4,5,3,5,4,5,6,4,4,5,6,4,,6,4,2,3,,,,,,,,,,,,,5,6,6,5,6,6,5,5,5,6,7,5,2,2,2,2,2,2,2,2,2,2,7,2,2,2,2,2,2,2,2,4,2,2,7,2,6,5,5,5,,,5,5,5,,,,5,20%,0%,80%,1%,1%,1%,2%,0%,0%,5,4,5,5,3,5,3,5,3,5
2476,Neurologist,28,"Office-based, group practice",320,120,20%,80%,30%,0%,70%,0%,0%,5%,95%,0%,0%,75%,5%,0%,60%,5%,20%,0%,7,7,6,6,7,5,7,1,3,3,7,6,,5,,5,4,,,,,,,,,,,,,4,4,5,5,6,6,6,5,3,3,7,4,7,7,7,6,4,5,7,3,5,6,7,7,4,5,4,4,4,4,4,2,3,3,7,5,7,5,5,6,,,5,7,5,,,,5,30%,0%,70%,5%,0%,40%,5%,0%,0%,7,1,2,4,6,7,6,6,3,7
2478,Neurologist,30,Academic or teaching Hospital,300,75,60%,40%,5%,0%,95%,0%,0%,0%,100%,0%,20%,75%,15%,5%,0%,30%,10%,0%,7,7,7,6,7,7,6,6,5,6,7,7,4,6,5,,3,5,5,4,5,5,5,7,7,6,6,7,6,6,6,5,6,6,5,7,7,5,5,7,4,,,,,,,,,,,,,3,3,3,4,3,3,7,7,4,7,7,4,7,6,6,6,,,6,7,7,,,,6,25%,20%,65%,15%,5%,0%,15%,10%,0%,7,4,4,7,7,4,5,7,5,7
2484,General Physician,16,"Office-based, group practice",400,50,50%,50%,50%,25%,20%,5%,50%,25%,20%,5%,10%,50%,50%,45%,5%,15%,5%,0%,5,5,5,6,4,6,6,5,4,4,4,6,5,6,6,5,5,5,6,5,4,5,5,4,5,6,5,4,5,4,5,5,5,5,5,5,5,5,5,4,6,4,5,4,5,5,4,5,5,4,4,5,5,5,6,4,6,4,4,5,4,5,5,5,6,5,5,5,4,,,4,5,5,,,,6,10%,10%,50%,50%,45%,5%,15%,5%,0%,5,5,5,5,6,5,6,5,6,5
2493,Neurologist,12,"Office-based, group practice",400,100,70%,30%,10%,10%,80%,0%,0%,10%,90%,0%,20%,80%,10%,0%,10%,10%,20%,0%,7,7,7,6,6,7,4,4,5,6,6,6,5,6,,2,2,4,4,4,4,4,7,6,3,3,2,6,5,6,6,4,5,6,6,5,5,4,3,7,7,5,2,3,5,2,2,2,1,3,2,1,3,3,3,2,4,3,4,3,3,2,4,3,4,6,6,6,7,,,7,6,7,,,,6,60%,10%,50%,10%,0%,0%,0%,10%,0%,6,4,6,5,6,6,6,7,6,7
2497,General Physician,25,"Office-based, group practice",300,50,50%,50%,20%,20%,40%,20%,20%,20%,40%,20%,20%,20%,10%,10%,20%,20%,0%,0%,2,5,4,6,4,6,4,2,2,5,4,4,5,4,3,2,5,3,2,2,3,2,4,3,3,4,2,4,2,4,5,4,4,3,4,4,3,4,4,2,5,3,3,1,5,2,3,1,2,4,2,6,2,4,3,3,4,4,5,3,2,5,4,3,4,4,7,1,5,,,2,5,5,,,,5,20%,20%,20%,20%,20%,0%,0%,0%,0%,5,4,3,2,5,4,1,3,3,5
2501,Neurologist,22,"Office-based, group practice",225,50,40%,60%,10%,10%,80%,0%,0%,0%,100%,0%,20%,70%,5%,5%,5%,5%,0%,0%,7,6,7,7,7,7,7,5,7,5,6,6,3,6,5,2,4,4,4,4,4,4,4,7,4,4,1,7,4,4,5,5,6,5,5,7,5,4,5,7,5,3,3,3,3,3,2,3,3,3,1,6,3,2,2,2,2,2,2,2,2,2,1,6,2,7,6,7,6,,,6,7,7,,,,7,70%,10%,25%,3%,1%,0%,0%,0%,0%,7,4,7,1,1,7,6,7,4,7
2507,Neurologist,15,"Office-based, group practice",500,100,70%,30%,65%,5%,20%,10%,25%,50%,25%,0%,10%,90%,5%,0%,0%,5%,0%,0%,6,6,5,6,4,5,5,3,4,4,5,5,3,5,,,2,5,4,2,4,2,3,6,3,4,3,6,4,6,6,5,6,5,5,6,5,4,5,7,5,,,,,,,,,,,,,3,4,3,3,3,3,4,2,3,1,6,4,4,6,5,5,,,5,5,6,,,,5,30%,5%,60%,2%,0%,0%,5%,0%,0%,5,5,5,6,5,6,5,6,5,7
2510,Neurologist,9,"Office-based, solo practice ",250,150,40%,60%,10%,30%,60%,0%,10%,20%,70%,0%,20%,50%,40%,30%,20%,10%,10%,0%,6,6,6,6,5,6,6,5,6,5,5,5,6,6,6,5,5,4,4,6,5,4,4,5,5,5,5,7,4,5,4,5,4,5,5,6,6,5,5,5,5,4,4,4,5,4,4,3,4,3,4,5,4,4,4,4,5,4,4,4,5,5,5,6,4,7,6,6,6,,,6,6,6,,,,6,40%,10%,30%,30%,30%,20%,10%,10%,0%,5,4,5,5,6,6,6,4,4,6
2511,Neurologist,30,"Office-based, group practice",220,65,85%,15%,20%,0%,80%,0%,0%,5%,95%,0%,30%,85%,0%,5%,0%,5%,0%,0%,6,5,6,6,6,6,5,5,6,6,6,6,5,6,5,,5,5,4,5,5,4,4,5,5,5,6,7,4,6,5,6,6,6,5,6,6,5,5,7,4,,,,,,,,,,,,,5,4,5,5,4,4,5,3,5,7,7,5,7,6,5,6,,,6,6,6,,,,7,40%,25%,65%,0%,5%,0%,5%,0%,0%,7,4,6,6,5,5,6,6,4,7
2513,Neurologist,28,"Office-based, group practice",300,80,15%,85%,5%,5%,90%,0%,0%,5%,95%,0%,25%,75%,5%,10%,3%,2%,0%,0%,6,6,7,7,5,6,5,5,5,5,4,6,4,5,5,3,3,3,3,4,4,3,5,6,5,5,4,7,4,6,5,6,5,5,5,6,6,5,3,7,3,6,6,3,5,4,4,5,3,5,6,7,6,5,5,6,5,5,4,6,4,5,3,7,6,7,5,5,6,,,7,6,5,,,,6,18%,25%,60%,5%,7%,3%,2%,0%,0%,6,2,6,4,3,3,3,6,3,7
2518,Neurologist,16,"Office-based, group practice",135,80,70%,30%,40%,30%,20%,10%,25%,25%,40%,10%,50%,30%,10%,10%,5%,10%,35%,0%,6,7,6,6,6,6,5,6,5,5,5,6,5,6,6,3,5,6,4,4,4,5,6,7,5,4,2,7,5,6,6,6,6,6,5,5,6,5,4,7,5,4,5,3,4,3,4,6,4,4,1,6,5,5,6,4,4,5,4,6,5,3,3,6,6,5,6,6,6,,,5,6,6,,,,6,25%,40%,25%,10%,10%,2%,5%,30%,0%,5,5,6,3,5,5,3,5,4,7
2528,Neurologist,30,Academic or teaching Hospital,250,100,85%,15%,15%,0%,80%,5%,0%,10%,90%,0%,100%,30%,0%,5%,0%,0%,30%,0%,6,6,6,6,6,6,6,2,6,6,6,6,5,5,5,,,4,4,4,4,4,6,4,1,4,4,7,4,4,4,4,4,4,4,4,2,4,4,7,4,,,,,,,,,,,,,,,,,,,,,,,,,4,3,3,3,,,5,4,7,,,,3,20%,100%,30%,0%,5%,0%,0%,30%,0%,5,1,4,3,6,5,3,5,5,2
2534,Neurologist,6,"Office-based, group practice",250,40,90%,10%,25%,40%,30%,5%,15%,25%,60%,0%,10%,15%,25%,30%,0%,0%,10%,10%,6,6,5,6,6,4,5,3,5,6,6,6,4,5,6,,,4,4,5,4,5,6,6,4,5,3,6,4,6,6,5,6,6,5,5,4,5,3,6,4,,,,,,,,,,,,,,,,,,,,,,,,,6,6,3,6,,,5,6,5,,,,5,25%,10%,15%,15%,20%,0%,0%,5%,10%,6,5,5,5,4,6,6,5,5,6
2535,Neurologist,8,Academic or teaching Hospital,200,40,60%,40%,0%,0%,100%,0%,0%,0%,100%,0%,10%,25%,0%,5%,0%,0%,60%,0%,7,6,6,6,7,6,6,5,5,7,7,7,6,7,5,,,6,6,5,7,5,7,6,7,5,6,6,6,7,6,5,7,6,6,5,6,5,7,5,7,,,,,,,,,,,,,,,,,,,,,,,,,7,7,7,7,,,7,7,7,,,,7,100%,0%,0%,0%,0%,0%,0%,0%,0%,7,7,6,7,6,7,6,7,6,6
2537,Neurologist,22,"Office-based, group practice",300,50,70%,30%,30%,0%,70%,0%,10%,0%,90%,0%,5%,70%,10%,5%,5%,5%,0%,0%,6,7,6,6,6,6,5,4,7,6,4,6,5,6,6,3,4,5,5,5,5,4,6,6,4,6,4,6,5,6,6,6,6,6,6,6,6,5,6,7,5,4,4,4,5,4,4,3,3,5,4,6,5,5,5,5,5,4,4,4,3,6,4,6,6,6,5,5,5,,,5,5,4,,,,6,20%,5%,60%,10%,5%,5%,5%,0%,0%,4,7,6,6,5,6,7,6,6,6
2542,Neurologist,5,"Office-based, solo practice ",130,100,65%,35%,40%,0%,60%,0%,0%,0%,100%,0%,30%,70%,0%,0%,0%,0%,0%,0%,6,6,6,6,5,6,5,2,6,5,5,6,5,6,,,,4,5,4,4,5,4,4,4,5,4,7,4,7,6,6,6,5,3,6,5,4,2,6,6,,,,,,,,,,,,,,,,,,,,,,,,,7,7,7,7,,,7,5,7,,,,7,35%,15%,60%,0%,0%,0%,0%,0%,0%,7,4,5,5,1,7,5,6,5,7
2544,Neurologist,31,"Office-based, group practice",300,125,75%,25%,20%,5%,75%,0%,0%,50%,50%,0%,45%,40%,10%,0%,0%,0%,0%,5%,7,7,6,7,7,7,4,2,6,6,5,7,4,4,,,,5,5,4,4,5,2,4,4,4,3,7,5,4,5,5,5,4,3,7,5,4,2,7,3,,,,,,,,,,,,,,,,,,,,,,,,,7,3,4,4,,,6,6,6,,,,5,25%,35%,30%,5%,0%,0%,0%,0%,5%,6,5,3,6,3,5,3,6,6,7
2545,General Physician,9,"Office-based, group practice",400,120,80%,20%,80%,0%,20%,0%,30%,0%,70%,0%,45%,40%,0%,5%,0%,5%,5%,0%,6,7,6,6,7,6,5,1,6,5,4,7,2,6,3,,3,2,4,2,1,3,7,7,7,7,7,7,2,5,6,6,5,5,4,7,7,5,6,6,6,,,,,,,,,,,,,2,3,2,2,3,2,7,5,2,2,6,2,2,5,5,5,,,6,7,6,,,,4,50%,40%,35%,0%,4%,0%,2%,5%,0%,6,4,6,6,6,5,6,6,5,6
2547,Neurologist,22,"Office-based, group practice",300,100,70%,30%,25%,0%,75%,0%,0%,0%,100%,0%,15%,65%,10%,5%,0%,5%,0%,0%,5,6,5,5,4,5,6,4,5,4,6,7,3,6,5,,4,5,4,5,5,3,6,7,5,5,2,7,5,5,6,5,5,6,6,6,6,6,4,7,5,,,,,,,,,,,,,4,4,5,3,4,4,4,3,5,4,6,5,7,7,7,7,,,6,7,6,,,,6,40%,15%,35%,10%,5%,0%,5%,0%,0%,4,1,7,6,6,7,6,6,5,6
2552,Neurologist,15,Specialty clinic,250,125,70%,30%,29%,5%,64%,2%,1%,15%,83%,1%,20%,56%,7%,8%,1%,33%,0%,0%,6,7,5,7,6,6,6,4,6,5,5,7,4,3,5,4,6,3,2,2,3,3,4,4,4,5,2,6,6,5,5,4,6,4,4,7,5,5,4,6,3,6,5,2,6,3,2,6,2,3,1,6,6,6,5,3,5,4,5,5,4,5,2,6,6,6,5,6,5,,,5,5,5,,,,5,30%,10%,50%,5%,5%,0%,27%,0%,0%,7,4,2,5,5,7,3,5,5,6
2554,Neurologist,24,"Office-based, group practice",325,80,85%,15%,0%,0%,100%,0%,0%,0%,100%,0%,80%,90%,0%,2%,5%,10%,0%,0%,7,3,6,5,5,4,5,3,4,5,4,5,5,6,5,3,4,5,2,4,5,5,6,6,5,5,7,7,4,6,4,6,6,6,6,7,6,6,5,7,5,5,3,3,6,2,3,6,4,5,2,7,5,5,5,4,5,4,5,6,4,6,1,7,5,7,6,5,6,,,7,6,5,,,,5,20%,80%,85%,0%,2%,5%,10%,0%,0%,6,2,4,5,2,5,3,6,5,7
3556,Neurologist,12,Community Hospital,200,50,75%,25%,20%,0%,80%,0%,0%,15%,85%,0%,75%,95%,0%,2%,0%,2%,50%,0%,6,5,5,7,6,6,6,3,4,5,6,6,5,6,4,,4,5,5,4,5,5,4,5,4,6,7,7,4,6,5,5,6,6,5,6,7,5,4,7,5,,,,,,,,,,,,,5,5,4,4,5,2,4,2,4,7,3,4,6,6,5,5,,,7,5,7,,,,5,50%,75%,80%,0%,0%,0%,0%,40%,0%,6,2,4,2,2,6,5,7,3,5
3559,General Physician,7,"Office-based, solo practice ",500,100,50%,50%,50%,20%,30%,0%,30%,50%,20%,0%,25%,50%,10%,0%,0%,15%,0%,0%,7,6,7,7,7,7,6,4,3,5,6,3,4,6,,,5,6,5,5,5,5,6,6,4,3,7,7,5,7,6,7,7,6,7,5,6,5,5,6,6,,,,,,,,,,,,,7,7,6,7,6,6,6,6,6,6,6,7,6,7,7,7,,,6,6,6,,,,5,0%,25%,60%,0%,0%,0%,15%,0%,0%,7,6,7,7,7,7,7,7,6,4
3567,Neurologist,32,"Office-based, group practice",300,250,30%,70%,10%,0%,90%,0%,0%,0%,100%,0%,50%,40%,0%,50%,0%,0%,10%,25%,5,5,4,7,5,5,3,1,2,5,2,6,4,4,5,,,5,4,4,3,4,5,4,3,4,6,6,4,5,5,4,5,4,5,6,3,4,5,7,5,,,,,,,,,,,,,,,,,,,,,,,,,7,6,5,5,,,7,6,5,,,,6,50%,50%,30%,0%,40%,0%,0%,10%,25%,7,1,7,3,5,6,4,6,5,5
3569,Neurologist,11,"Office-based, group practice",320,150,10%,90%,25%,5%,70%,0%,0%,10%,90%,0%,25%,85%,5%,25%,0%,0%,0%,0%,6,6,6,5,7,5,6,3,5,7,5,5,5,5,5,,,4,4,5,5,4,5,5,5,6,3,6,5,5,5,6,5,5,4,5,5,4,5,6,5,,,,,,,,,,,,,,,,,,,,,,,,,7,6,6,6,,,7,6,7,,,,6,60%,25%,50%,5%,15%,0%,0%,0%,0%,6,6,5,5,5,6,3,6,6,5
3570,Neurologist,9,Academic or teaching Hospital,225,85,60%,40%,10%,5%,85%,0%,0%,5%,95%,0%,30%,70%,5%,5%,0%,5%,0%,0%,6,6,6,6,6,6,5,3,4,5,5,6,5,5,4,,2,4,5,5,5,5,6,5,5,5,3,6,5,6,6,5,6,5,3,6,6,5,5,6,6,,,,,,,,,,,,,5,4,5,5,5,3,5,3,4,1,5,5,6,6,6,6,,,4,4,5,,,,6,40%,20%,60%,5%,5%,0%,5%,0%,0%,5,4,6,5,6,5,5,5,6,5
3574,General Physician,29,"Office-based, group practice",600,30,95%,5%,20%,10%,70%,0%,0%,0%,100%,0%,0%,90%,0%,5%,10%,10%,0%,0%,6,7,6,6,7,7,6,3,6,6,5,7,,5,4,3,3,,,,,,,,,,,,,4,5,5,5,5,4,5,3,3,3,6,5,3,1,4,4,1,3,4,4,3,1,6,6,3,3,2,3,3,3,2,3,3,3,3,3,4,4,3,2,,,4,3,3,,,,3,15%,0%,90%,0%,5%,10%,0%,0%,0%,7,4,3,5,5,6,6,6,5,3
3577,General Physician,35,"Office-based, solo practice ",300,25,80%,20%,100%,0%,0%,0%,0%,0%,100%,0%,25%,65%,0%,0%,0%,10%,0%,0%,6,6,6,6,6,6,7,1,5,5,4,6,4,6,,,4,5,4,3,5,4,6,5,4,4,6,5,4,6,6,6,6,6,5,6,4,5,6,6,6,,,,,,,,,,,,,1,1,1,1,1,1,1,1,1,1,1,1,4,6,6,6,,,7,6,4,,,,6,30%,5%,65%,0%,0%,0%,0%,0%,0%,6,2,5,3,6,5,4,5,3,5
3581,General Physician,24,"Office-based, group practice",650,40,80%,20%,75%,0%,20%,5%,25%,0%,75%,0%,5%,80%,2%,2%,5%,5%,25%,0%,7,6,6,6,6,6,6,4,6,5,5,6,2,5,4,5,4,4,2,4,4,4,6,6,5,5,7,7,4,6,4,6,5,5,6,6,5,4,6,6,5,6,4,5,5,4,4,5,5,5,6,6,5,5,2,5,5,4,5,5,5,5,6,6,4,7,5,4,5,,,6,7,6,,,,4,25%,5%,60%,2%,2%,5%,5%,21%,0%,7,1,4,5,5,6,3,6,5,6
3586,General Physician,5,Community Hospital,200,25,90%,10%,50%,25%,25%,0%,25%,25%,25%,25%,45%,25%,0%,0%,0%,15%,15%,0%,7,7,7,7,7,7,7,7,5,7,7,7,6,7,,,6,7,7,7,7,7,7,7,7,7,7,7,7,6,5,6,6,6,7,6,7,6,7,6,6,,,,,,,,,,,,,4,4,4,4,3,5,5,4,4,4,4,4,6,7,7,7,,,7,7,7,,,,6,50%,25%,25%,0%,0%,0%,0%,0%,0%,7,1,7,7,7,7,4,7,7,7
3595,General Physician,10,"Office-based, group practice",300,50,35%,65%,30%,40%,25%,5%,20%,50%,20%,10%,20%,35%,15%,20%,5%,5%,0%,0%,6,6,6,6,6,6,5,5,6,6,7,7,6,5,6,4,5,5,6,5,5,5,6,5,5,5,5,7,5,6,5,5,6,6,6,5,6,6,5,7,6,4,4,6,6,4,4,4,6,4,5,7,5,6,4,5,5,5,4,4,6,5,5,5,5,5,6,5,5,,,5,5,6,,,,5,25%,20%,25%,15%,10%,3%,2%,0%,0%,5,6,6,5,6,5,5,4,5,4
3599,General Physician,25,"Office-based, group practice",300,25,60%,40%,20%,40%,35%,5%,20%,20%,60%,0%,15%,20%,40%,15%,0%,10%,0%,0%,7,7,7,7,7,7,6,7,7,7,7,5,5,7,6,,5,5,5,6,5,5,6,7,7,6,5,7,6,7,6,7,7,6,5,7,7,6,5,7,5,,,,,,,,,,,,,5,5,5,5,5,4,6,5,5,4,4,5,6,6,6,7,,,6,7,7,,,,7,15%,10%,15%,35%,15%,0%,10%,0%,0%,6,4,4,4,4,6,5,6,4,6
3608,Neurologist,12,"Office-based, group practice",350,120,25%,75%,40%,10%,40%,10%,10%,20%,65%,5%,10%,65%,10%,5%,5%,5%,0%,0%,7,6,6,6,7,7,7,5,7,6,7,7,4,5,5,4,3,6,6,4,5,5,7,5,4,7,6,6,7,5,6,5,5,5,5,5,4,5,5,7,5,4,6,4,5,4,4,4,4,5,4,7,5,4,4,4,3,3,3,3,4,4,4,6,3,5,5,5,5,,,5,6,5,,,,5,20%,5%,50%,10%,5%,5%,5%,0%,0%,6,6,6,5,6,6,6,5,5,6
3610,Neurologist,15,Academic or teaching Hospital,250,55,35%,65%,35%,25%,30%,10%,15%,50%,30%,5%,5%,60%,10%,15%,0%,0%,10%,0%,7,7,7,7,7,5,6,5,5,5,6,6,3,5,4,,,4,4,4,4,5,6,5,5,3,1,7,4,5,5,5,6,7,6,6,5,5,5,7,6,,,,,,,,,,,,,,,,,,,,,,,,,5,4,5,4,,,5,6,6,,,,4,10%,4%,52%,10%,15%,0%,0%,9%,0%,5,4,6,5,5,7,4,5,5,5
3614,Neurologist,7,"Office-based, group practice",320,170,40%,60%,10%,10%,70%,10%,0%,5%,95%,0%,30%,60%,0%,0%,0%,5%,5%,0%,7,6,4,5,7,6,3,4,4,7,5,4,5,5,,,3,5,4,5,5,3,6,4,5,7,2,7,5,5,5,5,6,5,3,5,6,5,5,6,2,,,,,,,,,,,,,6,6,5,5,3,4,3,5,6,1,6,6,7,6,6,6,,,7,5,6,,,,6,60%,10%,20%,0%,0%,0%,5%,5%,0%,6,3,3,5,4,7,4,6,6,7
3615,General Physician,25,"Office-based, solo practice ",550,25,100%,0%,20%,0%,80%,0%,5%,0%,95%,0%,5%,95%,5%,1%,0%,5%,0%,0%,7,7,7,7,7,7,6,5,6,7,6,7,5,6,5,,5,5,6,6,6,5,7,7,6,7,7,7,5,7,7,7,7,6,7,7,7,7,7,7,7,,,,,,,,,,,,,6,6,6,6,6,7,7,6,7,6,6,6,5,5,5,5,,,5,5,5,,,,5,5%,5%,95%,5%,1%,0%,5%,0%,0%,7,5,7,4,7,6,6,6,5,7
3616,Neurologist,18,Academic or teaching Hospital,375,150,70%,30%,20%,0%,80%,0%,0%,0%,100%,0%,10%,65%,15%,2%,1%,7%,0%,0%,7,7,7,7,7,7,7,7,7,7,7,7,4,5,5,5,5,5,5,5,5,5,5,6,5,5,2,7,5,6,6,6,6,6,6,6,6,6,6,7,6,6,6,6,6,6,6,6,6,6,6,7,6,6,6,6,6,6,6,6,6,6,2,6,6,7,6,6,6,,,6,7,6,,,,6,55%,10%,10%,15%,2%,1%,7%,0%,0%,5,6,6,5,5,6,6,6,5,5
3620,General Physician,30,"Office-based, solo practice ",400,30,90%,10%,0%,0%,100%,0%,0%,0%,100%,0%,10%,80%,0%,0%,0%,10%,0%,0%,7,7,7,7,7,7,7,4,7,7,6,7,2,5,,,4,4,5,4,5,2,4,7,4,4,4,7,5,7,7,6,7,6,5,7,6,6,5,7,6,,,,,,,,,,,,,5,5,5,5,5,4,7,4,5,5,7,5,7,6,6,6,,,7,7,7,,,,7,50%,10%,30%,0%,0%,0%,10%,0%,0%,7,1,4,7,2,7,1,7,7,7
3621,Neurologist,28,"Office-based, group practice",400,300,40%,60%,10%,20%,70%,0%,0%,0%,100%,0%,80%,40%,0%,40%,0%,30%,0%,0%,6,5,7,4,5,7,4,4,6,7,7,5,2,3,3,,3,3,2,2,2,6,2,6,4,7,6,7,2,3,3,3,3,4,3,6,4,5,6,7,3,,,,,,,,,,,,,3,2,2,2,2,6,4,4,4,3,7,2,7,5,5,5,,,5,5,5,,,,5,80%,80%,20%,0%,20%,0%,10%,0%,0%,7,1,5,5,7,7,5,5,7,7
3625,General Physician,20,"Office-based, group practice",600,100,50%,50%,33%,34%,33%,0%,33%,34%,33%,0%,50%,50%,0%,0%,0%,0%,0%,0%,7,7,7,7,7,7,7,7,6,7,6,7,7,7,,,,7,7,7,6,6,7,7,7,7,7,7,6,7,7,7,7,6,6,6,7,7,7,7,6,,,,,,,,,,,,,,,,,,,,,,,,,6,7,7,7,,,7,7,7,,,,7,100%,0%,0%,0%,0%,0%,0%,0%,0%,6,6,7,4,4,5,4,6,5,4
3626,General Physician,30,"Office-based, group practice",300,30,90%,10%,100%,0%,0%,0%,0%,0%,100%,0%,25%,50%,25%,0%,0%,0%,0%,0%,7,7,7,7,7,7,7,6,7,7,7,7,5,6,,,,6,6,6,6,6,7,6,6,7,6,7,6,7,7,7,7,7,7,7,7,7,7,7,7,,,,,,,,,,,,,,,,,,,,,,,,,6,6,6,6,,,6,7,7,,,,6,25%,25%,25%,25%,0%,0%,0%,0%,0%,7,1,6,6,6,6,6,7,6,7
3628,Neurologist,5,"Office-based, group practice",200,150,50%,50%,25%,25%,50%,0%,25%,25%,50%,0%,50%,50%,0%,0%,0%,0%,0%,0%,6,7,6,6,5,7,5,6,6,6,5,4,3,4,,,,3,2,4,4,3,4,3,2,3,3,6,2,5,5,5,6,4,6,5,6,5,5,5,5,,,,,,,,,,,,,,,,,,,,,,,,,5,7,7,6,,,5,7,7,,,,7,100%,0%,0%,0%,0%,0%,0%,0%,0%,5,5,5,4,6,7,5,4,4,5
3629,General Physician,29,"Office-based, group practice",275,40,85%,15%,70%,15%,10%,5%,10%,10%,80%,0%,50%,70%,10%,5%,5%,20%,50%,0%,7,7,7,7,6,7,4,4,5,6,5,6,5,6,5,3,5,5,5,5,4,4,5,6,4,6,6,7,5,6,5,5,6,5,6,6,5,6,5,7,4,6,6,6,6,5,1,6,3,5,1,7,6,5,5,5,5,5,4,5,5,5,4,6,4,6,5,5,5,,,6,6,6,,,,4,20%,50%,60%,10%,5%,5%,15%,50%,0%,6,4,4,3,6,6,5,6,6,7
3631,Neurologist,28,"Office-based, solo practice ",250,90,60%,40%,20%,0%,80%,0%,0%,0%,100%,0%,50%,90%,1%,3%,1%,3%,3%,0%,7,7,6,6,7,7,5,5,6,7,7,7,4,6,5,2,4,4,4,3,5,4,6,4,5,5,5,7,6,6,6,5,6,6,6,6,6,6,6,7,5,5,5,3,3,4,4,3,4,3,1,7,4,4,5,3,5,4,6,4,4,3,1,7,4,6,6,5,5,,,6,5,7,,,,6,30%,40%,70%,1%,3%,1%,3%,3%,0%,7,4,6,4,3,7,6,5,3,7
3632,General Physician,31,"Office-based, solo practice ",350,50,85%,15%,20%,45%,35%,0%,0%,0%,100%,0%,15%,65%,15%,0%,0%,5%,0%,0%,7,7,7,6,7,7,4,6,7,5,6,7,1,4,,,3,4,4,3,3,3,4,3,3,1,3,6,3,5,5,5,5,5,5,5,5,5,5,5,5,,,,,,,,,,,,,3,3,2,2,2,3,2,3,1,2,4,2,7,6,6,6,,,6,6,6,,,,6,70%,0%,20%,10%,0%,0%,0%,0%,0%,7,5,4,6,6,6,4,3,6,6
3641,General Physician,13,"Office-based, group practice",650,250,20%,80%,0%,0%,100%,0%,0%,0%,100%,0%,80%,80%,10%,10%,0%,10%,5%,0%,7,7,6,6,7,7,2,6,5,6,5,7,5,6,5,,4,5,5,6,5,3,2,7,4,6,2,7,3,7,6,7,7,6,5,7,7,6,6,7,4,,,,,,,,,,,,,6,5,5,5,5,2,7,5,4,1,6,5,7,7,7,7,,,7,7,7,,,,7,80%,75%,30%,5%,5%,0%,5%,5%,0%,7,3,7,5,2,7,2,4,5,7
3643,Neurologist,23,"Office-based, group practice",400,150,50%,50%,30%,0%,70%,0%,0%,0%,100%,0%,10%,95%,0%,0%,0%,5%,0%,0%,7,5,6,6,5,3,3,3,3,5,2,4,3,5,,,1,2,3,1,3,2,6,4,2,5,2,7,2,5,6,4,5,5,4,6,6,5,5,7,4,,,,,,,,,,,,,2,3,2,1,1,3,1,1,2,1,7,2,5,5,5,6,,,4,6,6,,,,5,20%,10%,95%,0%,0%,0%,5%,0%,0%,3,7,3,3,3,3,4,5,6,7
3650,General Physician,12,"Office-based, solo practice ",900,300,30%,70%,20%,20%,60%,0%,10%,10%,80%,0%,0%,60%,10%,10%,10%,10%,0%,0%,7,7,7,7,7,7,7,7,7,7,7,7,,5,3,2,3,,,,,,,,,,,,,4,4,5,5,4,4,4,5,4,5,6,4,2,2,3,4,2,2,2,3,3,2,5,3,4,4,3,4,4,4,4,4,3,3,5,3,6,6,6,6,,,6,6,6,,,,6,80%,0%,20%,0%,0%,0%,0%,0%,0%,7,7,7,7,7,7,7,7,7,7
3651,General Physician,12,Specialty clinic,160,50,65%,35%,60%,20%,10%,10%,5%,15%,75%,5%,25%,50%,5%,5%,5%,5%,5%,0%,7,7,6,6,6,5,5,5,5,5,5,6,6,6,4,4,4,5,4,6,5,6,5,7,5,6,4,7,5,7,6,6,5,6,5,7,6,5,6,6,6,4,4,3,5,2,2,5,2,4,4,6,5,2,3,5,4,2,4,6,4,4,2,5,3,5,5,5,5,,,4,5,4,,,,5,25%,20%,50%,0%,0%,5%,0%,0%,0%,5,5,6,6,6,5,4,5,5,6
3652,Neurologist,10,Community Hospital,250,75,45%,55%,35%,25%,40%,0%,10%,20%,70%,0%,50%,25%,10%,10%,5%,5%,25%,0%,7,7,6,6,7,6,7,4,5,6,5,5,6,5,3,2,2,7,7,5,5,3,6,7,6,4,2,7,6,7,7,6,7,7,4,7,6,6,4,7,6,7,2,2,6,1,2,7,7,4,1,6,7,6,4,5,6,1,5,5,5,4,1,6,6,7,7,7,5,,,6,7,7,,,,7,25%,50%,20%,5%,5%,2%,2%,25%,0%,5,2,1,6,5,5,5,6,6,7
3653,Neurologist,5,"Office-based, group practice",300,100,60%,40%,40%,0%,60%,0%,5%,0%,95%,0%,30%,30%,40%,0%,0%,0%,0%,0%,5,7,7,7,5,7,7,4,4,7,4,5,5,5,,,,5,5,4,3,5,4,4,4,4,3,4,4,5,5,5,5,4,4,5,4,4,5,4,4,,,,,,,,,,,,,,,,,,,,,,,,,4,4,4,4,,,4,4,4,,,,4,0%,30%,30%,40%,0%,0%,0%,0%,0%,4,4,1,4,5,5,3,4,4,4
3656,Neurologist,5,"Office-based, group practice",400,200,40%,60%,40%,10%,50%,0%,0%,0%,100%,0%,70%,80%,90%,5%,0%,10%,0%,0%,6,7,7,5,6,7,5,4,4,5,5,7,4,5,2,,2,4,4,5,6,4,3,6,7,4,6,6,3,5,6,5,6,6,6,6,6,2,6,7,4,,,,,,,,,,,,,5,5,4,5,2,1,5,5,1,1,5,4,5,5,4,6,,,5,7,6,,,,5,30%,70%,80%,80%,5%,0%,5%,0%,0%,7,2,3,5,7,7,3,5,3,7
3657,General Physician,6,"Office-based, group practice",500,20,90%,10%,90%,0%,10%,0%,20%,10%,70%,0%,95%,50%,10%,0%,0%,5%,50%,0%,7,7,7,7,7,7,5,6,5,6,6,7,6,6,,,4,4,4,3,4,6,4,6,7,7,4,7,5,6,5,6,5,6,5,7,6,3,2,6,6,,,,,,,,,,,,,5,6,5,5,3,2,5,6,5,2,6,5,5,6,4,5,,,6,5,6,,,,5,25%,25%,50%,50%,0%,0%,50%,50%,0%,7,2,2,5,7,5,4,6,5,7
3658,General Physician,19,"Office-based, group practice",500,100,80%,20%,70%,20%,10%,0%,10%,70%,20%,0%,20%,80%,0%,2%,5%,5%,10%,0%,6,6,7,5,6,7,5,2,6,7,5,5,3,6,3,2,3,3,3,3,3,3,5,3,3,4,3,3,3,6,6,6,6,6,6,6,4,6,3,6,6,3,2,3,3,3,2,2,2,3,7,2,3,4,4,3,3,4,4,5,3,3,1,5,4,6,5,5,5,,,5,5,5,,,,5,50%,0%,50%,0%,0%,0%,0%,0%,0%,7,1,3,4,6,4,4,2,3,6
3661,General Physician,12,"Office-based, solo practice ",900,250,40%,60%,60%,25%,15%,0%,15%,25%,60%,0%,80%,60%,20%,20%,5%,5%,0%,0%,5,5,7,7,7,7,2,2,7,3,2,7,2,6,6,4,2,2,2,4,1,2,6,6,2,3,7,7,2,6,6,6,7,6,2,4,3,3,1,5,1,7,4,6,1,1,1,2,5,1,1,5,6,6,5,6,2,1,1,4,3,2,6,6,6,7,6,6,6,,,4,3,4,,,,6,40%,80%,40%,10%,15%,5%,5%,0%,0%,1,1,2,5,7,6,3,1,7,7
3663,General Physician,20,"Office-based, group practice",150,50,50%,50%,50%,0%,50%,0%,50%,0%,50%,0%,50%,50%,50%,0%,1%,10%,10%,0%,5,6,6,6,5,6,6,4,4,5,6,6,5,6,,2,3,5,5,6,6,6,6,5,3,5,5,6,5,5,6,6,6,6,6,6,5,5,6,6,6,2,3,3,2,2,4,3,2,2,3,2,2,1,1,1,1,1,1,1,1,1,1,1,1,4,5,5,4,,,4,5,4,,,,4,40%,50%,40%,50%,0%,1%,10%,10%,0%,2,2,1,5,4,6,3,5,4,4
3670,General Physician,15,"Office-based, solo practice ",200,100,50%,50%,33%,33%,34%,0%,15%,80%,5%,0%,85%,55%,33%,25%,0%,33%,85%,0%,6,6,6,5,6,5,4,4,4,6,6,5,4,5,5,,5,4,5,5,5,5,5,5,5,5,6,6,5,5,5,5,5,5,5,5,5,5,5,6,5,,,,,,,,,,,,,5,4,5,5,5,6,5,5,5,5,6,4,6,6,6,6,,,6,6,6,,,,6,85%,85%,50%,30%,20%,0%,33%,85%,0%,6,5,3,7,7,7,4,5,6,6
3671,General Physician,15,"Office-based, group practice",300,40,90%,10%,75%,2%,23%,0%,5%,10%,85%,0%,0%,75%,10%,0%,0%,15%,0%,0%,7,7,7,6,7,7,5,6,7,7,7,7,,5,,,4,,,,,,,,,,,,,5,6,6,6,5,5,7,6,5,6,7,5,,,,,,,,,,,,,4,4,5,4,5,6,6,5,3,3,7,2,7,6,6,6,,,7,6,7,,,,6,80%,0%,50%,5%,0%,0%,5%,0%,0%,5,3,7,7,7,6,3,7,5,7
3691,General Physician,7,Community Hospital,350,20,75%,25%,50%,50%,0%,0%,0%,0%,100%,0%,50%,50%,0%,0%,0%,0%,0%,0%,7,7,7,7,7,7,7,7,7,7,7,7,5,5,,,,5,5,5,6,5,4,5,5,5,5,6,5,5,5,5,5,5,5,5,5,5,5,5,5,,,,,,,,,,,,,,,,,,,,,,,,,7,5,5,5,,,5,5,5,,,,5,75%,75%,75%,75%,75%,75%,75%,75%,0%,7,4,4,3,7,7,4,4,4,6
3692,General Physician,15,"Office-based, group practice",990,150,60%,40%,25%,25%,50%,0%,20%,30%,50%,0%,20%,50%,25%,50%,2%,20%,10%,0%,7,7,7,7,7,6,7,6,6,7,6,7,6,7,7,5,6,7,7,7,7,7,5,7,6,6,6,6,7,7,7,7,7,7,6,7,6,5,7,6,7,5,5,6,7,6,5,6,5,6,7,4,6,6,7,7,7,7,4,6,6,5,5,6,6,7,7,6,7,,,7,7,6,,,,7,50%,20%,30%,20%,30%,0%,20%,10%,0%,6,6,6,6,6,6,7,7,7,7
3693,General Physician,12,"Office-based, group practice",500,30,75%,25%,50%,5%,40%,5%,5%,15%,80%,0%,10%,80%,0%,5%,0%,5%,0%,0%,7,5,5,5,6,5,3,3,3,4,6,5,2,6,4,,4,4,1,3,5,1,7,7,2,4,1,7,2,7,5,7,6,4,5,7,5,5,3,7,6,,,,,,,,,,,,,7,2,3,5,1,1,7,3,4,1,7,4,5,7,5,4,,,6,7,6,,,,6,10%,10%,75%,0%,5%,5%,0%,0%,0%,7,1,3,5,7,6,2,3,2,7
3695,General Physician,6,"Office-based, group practice",400,100,80%,20%,90%,5%,5%,0%,5%,80%,15%,0%,10%,80%,30%,0%,0%,50%,0%,0%,6,7,7,7,6,6,6,4,5,3,7,6,3,4,,,3,2,3,2,2,2,2,7,6,3,1,7,1,5,4,5,7,6,6,6,6,6,4,6,6,,,,,,,,,,,,,3,3,4,3,3,5,7,4,1,7,6,2,7,6,6,6,,,5,5,6,,,,6,90%,10%,20%,50%,0%,0%,40%,10%,0%,7,7,6,3,7,7,3,5,7,7
3703,General Physician,20,"Office-based, group practice",300,25,50%,50%,50%,0%,45%,5%,5%,40%,50%,5%,75%,20%,20%,0%,1%,1%,5%,0%,5,6,6,7,5,5,5,4,5,6,5,6,5,5,,2,3,4,4,4,5,5,6,7,5,4,4,7,4,6,5,6,6,5,4,6,5,5,4,6,5,5,5,5,5,2,2,5,3,4,2,5,2,4,4,4,4,4,4,4,4,4,4,4,4,3,2,3,7,,,6,5,4,,,,1,20%,75%,2%,2%,0%,1%,1%,5%,0%,4,2,3,4,5,4,3,5,2,4
3704,General Physician,28,"Office-based, group practice",300,50,60%,40%,15%,25%,55%,5%,10%,35%,55%,0%,25%,15%,20%,0%,0%,35%,45%,0%,4,6,5,7,5,4,5,4,6,6,4,5,5,4,,,4,5,5,4,4,5,5,5,5,7,4,6,5,6,6,6,6,6,7,5,6,7,5,7,5,,,,,,,,,,,,,6,7,6,4,5,6,5,6,6,7,7,7,6,6,6,6,,,7,6,5,,,,5,38%,20%,15%,20%,0%,0%,35%,45%,0%,7,7,6,6,6,6,6,6,7,7
3705,Neurologist,10,"Office-based, group practice",300,50,60%,40%,40%,20%,20%,20%,50%,20%,10%,20%,20%,10%,20%,10%,10%,10%,20%,0%,6,6,6,5,6,6,6,4,5,5,5,5,5,4,6,5,5,5,6,5,6,5,5,5,5,6,4,6,4,6,5,5,5,5,5,4,6,5,5,6,6,4,5,6,4,5,5,4,5,5,5,5,5,6,6,5,5,5,5,4,4,5,3,6,5,4,2,1,4,,,6,2,3,,,,5,10%,10%,10%,20%,20%,10%,20%,0%,0%,4,4,4,3,4,3,4,3,3,4
3711,Neurologist,20,"Office-based, solo practice ",600,90,50%,50%,30%,30%,40%,0%,30%,30%,40%,0%,20%,20%,20%,10%,10%,10%,10%,0%,6,6,5,5,5,5,5,5,6,5,6,6,6,5,6,6,5,5,5,6,5,5,5,6,5,5,6,6,5,5,5,6,5,6,6,6,6,5,6,5,5,4,5,5,5,5,5,5,6,5,6,5,5,5,5,5,5,5,5,4,5,6,6,4,5,6,6,6,6,,,6,6,6,,,,7,100%,0%,0%,0%,0%,0%,0%,0%,0%,5,5,5,6,5,6,5,5,6,6
3730,General Physician,18,"Office-based, group practice",300,60,90%,10%,15%,15%,70%,0%,10%,10%,80%,0%,30%,50%,0%,0%,0%,2%,50%,30%,7,7,6,5,7,6,6,4,6,7,6,7,5,7,,,6,5,4,4,4,3,1,6,5,5,5,7,5,6,6,5,6,5,4,7,5,4,3,6,6,,,,,,,,,,,,,4,4,4,4,4,4,4,4,4,4,4,4,6,5,4,5,,,5,4,6,,,,6,50%,30%,20%,0%,0%,0%,2%,50%,30%,4,6,4,6,4,7,4,6,6,7
3731,Neurologist,29,"Office-based, group practice",380,90,85%,15%,5%,0%,95%,0%,0%,5%,95%,0%,20%,80%,0%,0%,0%,5%,0%,0%,6,7,7,7,7,7,1,1,7,4,4,7,3,4,,,1,4,3,4,3,4,3,5,3,3,5,7,3,5,5,5,4,4,4,4,5,4,4,4,4,,,,,,,,,,,,,1,1,1,1,1,1,1,1,1,1,7,1,7,4,4,4,,,4,7,5,,,,4,20%,15%,65%,0%,0%,0%,4%,0%,0%,7,1,7,4,1,4,3,7,6,7
3732,General Physician,12,"Office-based, group practice",350,35,95%,5%,100%,0%,0%,0%,20%,15%,65%,0%,30%,60%,20%,15%,2%,5%,0%,0%,6,5,5,5,5,6,5,4,4,5,4,5,4,5,4,4,5,4,4,3,5,4,5,6,3,4,5,6,4,5,5,5,5,3,5,4,5,5,4,5,5,5,5,5,6,3,3,6,3,4,2,5,5,4,4,4,4,3,4,6,3,4,5,4,4,3,4,4,3,,,4,6,4,,,,4,15%,30%,60%,20%,15%,2%,5%,0%,0%,6,4,3,5,5,5,5,4,4,6
3734,General Physician,24,"Office-based, group practice",500,45,80%,20%,70%,0%,30%,0%,0%,0%,100%,0%,30%,85%,10%,5%,10%,10%,0%,0%,7,7,7,7,7,6,7,7,6,6,7,6,3,6,6,2,2,3,3,4,5,4,7,6,4,6,3,7,4,6,6,6,6,6,6,7,7,5,6,7,5,5,5,5,6,5,1,6,3,1,7,7,6,5,5,4,5,4,3,5,3,2,2,7,6,7,6,6,6,,,7,6,7,,,,5,20%,30%,80%,5%,5%,10%,5%,0%,0%,7,2,7,2,3,6,6,7,5,7
3736,General Physician,5,"Office-based, group practice",120,20,85%,15%,30%,15%,50%,5%,20%,20%,60%,0%,40%,20%,5%,5%,0%,20%,10%,0%,7,7,7,5,7,7,4,5,4,7,7,7,6,4,5,,5,5,5,4,5,5,5,7,5,7,4,7,6,5,4,5,5,5,4,6,5,4,4,5,5,,,,,,,,,,,,,5,4,5,5,4,4,5,4,4,5,4,4,5,5,5,5,,,6,7,5,,,,5,30%,30%,15%,5%,0%,0%,15%,5%,0%,7,3,6,6,7,5,5,7,4,5
3738,General Physician,15,"Office-based, group practice",300,250,20%,80%,95%,0%,5%,0%,5%,0%,95%,0%,5%,80%,10%,5%,0%,1%,10%,0%,7,7,7,7,7,7,5,5,7,5,7,7,5,5,4,,3,6,6,6,6,6,6,6,6,6,6,6,6,5,5,5,5,5,5,5,5,5,5,5,5,,,,,,,,,,,,,3,3,3,3,3,3,3,3,3,3,3,3,7,6,6,6,,,6,6,6,,,,6,75%,5%,70%,5%,5%,0%,1%,10%,0%,7,7,7,7,7,7,7,7,7,7
3749,Neurologist,14,"Office-based, group practice",300,100,70%,30%,20%,0%,80%,0%,0%,0%,100%,0%,10%,80%,50%,10%,10%,80%,10%,0%,7,7,6,6,7,7,6,5,6,6,7,7,4,5,6,6,5,7,7,6,6,7,6,5,5,6,6,6,7,7,7,6,6,6,6,6,6,6,6,6,7,7,7,6,6,7,7,6,5,6,7,6,7,7,7,7,6,6,5,6,6,6,7,6,6,7,7,6,6,,,6,6,6,,,,6,50%,10%,70%,50%,10%,10%,70%,10%,0%,6,6,6,6,7,7,6,7,6,6
3750,General Physician,9,"Office-based, group practice",400,100,10%,90%,50%,10%,40%,0%,5%,45%,45%,5%,100%,95%,50%,50%,10%,50%,5%,0%,7,7,7,7,7,7,5,7,2,7,7,6,2,6,6,2,6,2,2,4,4,3,7,4,7,1,3,7,3,5,6,6,6,7,5,6,7,4,6,7,6,1,2,2,2,1,5,2,2,2,7,7,2,6,6,6,6,6,5,6,6,6,6,7,6,7,6,6,6,,,6,6,6,,,,6,100%,100%,50%,50%,30%,10%,40%,3%,0%,7,5,7,7,7,7,7,5,7,7
3757,General Physician,8,"Office-based, group practice",300,20,99%,1%,45%,7%,35%,13%,0%,0%,100%,0%,25%,60%,0%,0%,1%,2%,10%,2%,6,6,5,5,6,6,2,3,4,4,6,7,2,6,,1,3,3,2,1,3,3,6,1,4,3,2,7,4,6,6,7,6,7,4,7,5,5,2,6,5,3,3,2,5,4,3,3,3,5,2,1,2,2,3,3,3,3,2,2,2,2,3,1,2,4,5,4,4,,,6,5,5,,,,4,20%,18%,50%,10%,0%,0%,2%,0%,0%,7,5,4,4,6,6,4,7,3,5
3762,General Physician,30,"Office-based, solo practice ",999,50,95%,5%,60%,0%,40%,0%,0%,0%,100%,0%,0%,60%,0%,0%,20%,20%,0%,0%,6,6,5,6,5,5,4,3,5,5,4,5,,5,,4,4,,,,,,,,,,,,,5,5,5,5,5,4,5,4,5,5,5,5,5,5,5,5,5,4,2,5,5,5,6,5,5,5,5,5,4,4,4,4,5,5,5,5,5,5,5,5,,,5,5,4,,,,5,20%,0%,40%,0%,0%,20%,20%,0%,0%,6,4,6,6,5,6,5,5,5,6
3769,General Physician,17,"Office-based, group practice",100,20,70%,30%,70%,10%,15%,5%,40%,15%,40%,5%,10%,50%,5%,5%,5%,10%,15%,0%,6,6,5,6,6,6,7,4,5,6,6,5,4,6,3,2,3,6,4,5,5,4,4,7,4,4,5,6,5,6,6,6,5,6,5,7,5,6,6,7,4,6,3,4,4,2,2,6,2,4,3,5,5,2,3,3,2,2,2,5,3,2,2,5,3,6,4,4,5,,,5,7,5,,,,4,10%,10%,40%,5%,5%,5%,10%,15%,0%,7,1,5,5,6,4,2,4,5,5
3772,Neurologist,5,"Office-based, group practice",300,50,50%,50%,75%,5%,20%,0%,5%,20%,75%,0%,25%,75%,0%,0%,0%,0%,0%,0%,6,6,4,5,5,5,7,3,5,4,3,4,2,4,,,,2,2,3,2,3,6,2,2,2,4,7,4,4,4,5,5,5,4,5,5,3,4,5,3,,,,,,,,,,,,,,,,,,,,,,,,,6,5,5,5,,,2,3,6,,,,3,100%,0%,0%,0%,0%,0%,0%,0%,0%,4,2,5,4,7,4,5,5,5,6
3773,General Physician,17,"Office-based, group practice",250,30,50%,50%,50%,20%,25%,5%,50%,25%,20%,5%,50%,20%,20%,0%,0%,5%,5%,0%,7,6,7,7,7,7,7,7,7,6,6,6,6,6,,,4,7,7,7,7,7,7,7,7,7,7,7,7,7,7,7,7,7,7,7,7,7,7,7,7,,,,,,,,,,,,,7,7,7,7,7,7,7,7,7,7,7,7,4,6,6,6,,,6,6,6,,,,6,50%,10%,10%,10%,5%,5%,5%,5%,0%,6,6,7,6,6,6,6,6,6,6
3781,General Physician,5,"Office-based, solo practice ",100,40,70%,30%,70%,20%,10%,0%,20%,60%,20%,0%,50%,30%,10%,5%,0%,0%,5%,0%,6,7,6,7,6,6,4,5,5,5,7,6,4,5,4,,,4,4,4,6,3,7,4,6,6,6,7,6,6,5,6,5,5,3,7,7,3,5,5,2,,,,,,,,,,,,,,,,,,,,,,,,,4,1,3,4,,,5,7,6,,,,2,15%,40%,25%,10%,5%,0%,0%,5%,0%,7,2,5,6,6,6,4,6,4,6
3785,General Physician,24,"Office-based, group practice",400,75,70%,30%,25%,0%,75%,0%,10%,0%,90%,0%,25%,65%,5%,0%,5%,10%,10%,0%,7,4,4,7,5,6,6,3,5,5,6,4,5,5,,2,4,6,4,5,7,5,6,7,7,6,4,7,4,5,4,5,4,5,5,6,4,3,5,6,4,4,4,3,6,3,3,6,5,4,3,7,4,6,5,5,6,4,5,7,5,7,2,6,5,7,5,5,5,,,7,6,6,,,,5,35%,25%,35%,5%,0%,5%,5%,10%,0%,7,1,3,3,4,5,3,6,5,7
3789,General Physician,5,"Office-based, group practice",300,20,75%,25%,90%,0%,10%,0%,0%,0%,100%,0%,50%,50%,0%,0%,0%,0%,0%,0%,7,5,6,6,5,7,1,7,4,6,7,3,6,5,,,,4,4,6,5,7,6,7,7,4,2,7,7,6,6,6,6,6,4,7,6,4,6,6,2,,,,,,,,,,,,,,,,,,,,,,,,,6,5,5,5,,,5,5,5,,,,5,25%,50%,25%,0%,0%,0%,0%,0%,0%,7,1,6,5,7,6,1,7,2,5
3792,Neurologist,15,Specialty clinic,500,500,50%,50%,30%,30%,40%,0%,30%,30%,40%,0%,20%,15%,25%,15%,0%,25%,0%,0%,7,7,7,7,7,7,7,7,7,7,7,7,5,5,4,,6,5,5,5,5,5,6,6,4,4,3,5,5,6,3,5,6,5,5,4,5,5,4,4,5,,,,,,,,,,,,,5,4,6,3,5,6,4,4,5,5,5,6,6,5,7,6,,,7,6,5,,,,6,10%,20%,20%,20%,10%,0%,20%,0%,0%,5,5,3,5,5,5,4,5,3,5
3800,General Physician,15,"Office-based, group practice",400,40,30%,70%,10%,10%,80%,0%,0%,0%,100%,0%,50%,10%,75%,10%,5%,10%,0%,0%,7,7,6,7,7,7,5,4,7,6,5,7,2,7,3,3,4,1,1,2,1,1,1,5,4,2,6,7,1,6,6,6,5,5,6,6,6,6,4,7,6,4,4,4,4,3,1,4,4,5,1,7,4,5,5,4,4,4,5,4,5,5,4,7,4,7,7,7,7,,,7,7,7,,,,7,90%,0%,0%,40%,0%,0%,0%,0%,0%,7,4,6,5,3,5,6,6,5,7
3802,Neurologist,19,"Office-based, group practice",520,466,35%,65%,35%,30%,30%,5%,35%,35%,30%,0%,77%,88%,88%,88%,77%,77%,77%,0%,5,7,5,5,5,7,5,6,6,7,7,7,6,5,7,6,7,5,5,7,6,7,4,5,7,7,7,6,4,5,5,5,7,7,7,7,5,5,7,6,5,6,4,7,7,7,7,5,7,5,4,7,3,5,3,6,5,7,7,5,7,7,4,6,4,7,4,5,6,,,4,3,5,,,,2,100%,0%,0%,0%,0%,0%,0%,0%,0%,4,5,5,7,7,7,7,5,7,5
3803,General Physician,17,"Office-based, group practice",100,100,50%,50%,50%,10%,40%,0%,50%,10%,40%,0%,35%,25%,25%,20%,0%,0%,0%,0%,6,7,6,7,7,7,6,5,6,6,7,7,6,5,6,,,5,6,5,6,5,6,6,6,3,6,5,5,6,5,6,6,6,5,6,5,5,5,5,7,,,,,,,,,,,,,,,,,,,,,,,,,5,6,6,4,,,4,4,5,,,,7,30%,25%,20%,20%,25%,25%,1%,5%,0%,6,4,7,4,5,6,6,5,5,4
3805,General Physician,19,"Office-based, solo practice ",300,25,60%,40%,0%,0%,100%,0%,0%,0%,100%,0%,20%,60%,4%,0%,0%,6%,10%,0%,7,7,7,5,7,7,5,5,7,6,7,7,5,6,,,5,3,3,2,3,3,4,6,4,5,5,5,3,4,5,5,3,6,4,6,5,4,4,6,6,,,,,,,,,,,,,5,5,3,4,2,3,5,4,5,2,4,2,6,6,6,7,,,5,7,6,,,,6,60%,5%,30%,5%,0%,0%,0%,0%,0%,7,4,3,4,6,7,2,3,4,7
3806,Neurologist,7,"Office-based, group practice",200,100,35%,65%,35%,5%,60%,0%,2%,10%,88%,0%,25%,75%,2%,5%,0%,5%,0%,0%,6,7,6,6,7,7,6,4,6,6,7,7,4,5,3,,2,4,3,2,3,4,5,2,4,6,2,6,1,6,5,4,5,5,4,6,5,3,5,7,3,,,,,,,,,,,,,5,3,3,3,3,3,3,2,4,1,6,3,7,6,5,6,,,6,4,7,,,,6,45%,20%,60%,2%,3%,0%,3%,0%,0%,6,4,5,7,4,7,3,3,5,7
3810,Neurologist,5,Academic or teaching Hospital,150,125,80%,20%,30%,0%,70%,0%,0%,0%,100%,0%,50%,40%,10%,0%,0%,0%,0%,0%,5,6,6,5,5,6,7,5,6,7,7,6,6,6,,,,5,5,5,5,5,5,6,5,6,6,6,4,6,6,6,6,7,5,5,6,5,5,6,7,,,,,,,,,,,,,,,,,,,,,,,,,6,7,7,7,,,7,7,7,,,,7,90%,10%,0%,0%,0%,0%,0%,0%,0%,6,7,7,6,6,7,6,7,6,7
3820,General Physician,25,"Office-based, solo practice ",250,25,95%,5%,75%,15%,10%,0%,40%,45%,15%,0%,10%,60%,0%,0%,5%,5%,20%,0%,6,6,5,5,6,6,5,2,2,3,6,4,2,6,,1,2,3,3,2,3,2,2,6,2,2,6,6,4,6,5,6,5,5,2,6,7,2,2,7,6,2,2,4,5,1,1,1,1,1,1,7,1,1,2,2,3,2,2,1,1,2,2,6,3,5,5,6,5,,,3,4,6,,,,6,10%,5%,55%,0%,0%,5%,5%,20%,0%,7,1,1,3,7,5,5,3,5,7
3821,Neurologist,13,"Office-based, group practice",300,40,90%,10%,90%,0%,10%,0%,40%,0%,60%,0%,20%,80%,0%,0%,0%,0%,0%,0%,6,6,6,5,5,5,5,2,4,5,6,5,5,5,,,,5,5,6,5,5,5,5,2,5,5,5,5,5,5,5,5,5,5,5,5,5,5,5,5,,,,,,,,,,,,,,,,,,,,,,,,,2,4,4,4,,,5,5,5,,,,5,5%,20%,75%,0%,0%,0%,0%,0%,0%,5,4,5,5,4,5,5,5,4,5
3822,General Physician,25,"Office-based, group practice",444,60,80%,20%,80%,0%,20%,0%,90%,0%,10%,0%,5%,88%,7%,1%,0%,0%,2%,0%,7,7,7,7,7,6,5,5,5,6,5,7,3,6,4,,,5,4,3,5,3,7,7,5,7,3,7,5,6,6,6,6,6,6,7,7,6,7,7,6,,,,,,,,,,,,,,,,,,,,,,,,,4,5,5,6,,,6,6,6,,,,5,10%,5%,85%,3%,1%,0%,0%,0%,0%,4,2,4,3,4,4,3,5,5,6
3823,General Physician,24,"Office-based, group practice",650,35,90%,10%,40%,15%,25%,20%,10%,10%,75%,5%,40%,70%,0%,0%,0%,25%,5%,0%,6,7,5,6,6,6,5,4,4,7,5,6,4,5,,,5,5,5,5,5,4,6,7,5,3,6,6,3,5,5,5,6,5,4,6,5,5,4,6,5,,,,,,,,,,,,,5,5,5,4,4,4,6,4,5,1,6,4,7,6,6,6,,,4,6,7,,,,5,50%,40%,40%,0%,0%,0%,10%,5%,0%,7,4,6,5,5,5,3,6,6,7
3824,General Physician,18,Academic or teaching Hospital,150,30,80%,20%,10%,35%,55%,0%,15%,45%,40%,0%,50%,30%,20%,15%,2%,2%,10%,0%,7,7,6,6,6,6,5,5,4,4,4,5,5,5,4,2,3,5,4,5,5,4,6,7,6,5,5,7,5,5,6,5,5,6,6,6,6,5,6,7,6,6,7,6,6,4,2,6,6,6,6,7,7,5,6,5,6,4,2,5,5,4,3,6,6,7,6,6,6,,,6,7,6,,,,5,50%,50%,25%,15%,10%,2%,2%,0%,0%,6,3,7,4,4,7,5,6,5,6
3832,Neurologist,14,"Office-based, group practice",400,300,40%,60%,60%,10%,20%,10%,10%,60%,30%,0%,10%,25%,20%,30%,5%,10%,0%,0%,6,6,6,6,5,5,6,6,5,5,5,5,4,5,6,3,5,5,5,5,4,5,5,4,4,4,4,5,5,5,4,5,4,5,4,4,5,5,4,4,4,1,1,3,3,3,2,3,1,2,3,5,4,2,2,3,3,3,2,2,2,3,3,2,3,3,2,4,4,,,5,5,6,,,,4,5%,10%,20%,20%,30%,5%,10%,0%,0%,6,5,3,6,5,6,5,5,6,5
3833,Neurologist,25,"Office-based, solo practice ",370,78,30%,70%,28%,28%,44%,0%,31%,27%,42%,0%,5%,23%,14%,12%,16%,15%,15%,0%,5,6,7,5,6,3,6,6,4,5,4,6,6,5,6,7,6,6,6,6,6,7,3,6,6,5,5,7,6,4,6,5,6,5,6,7,5,7,4,6,5,5,4,6,5,6,5,6,4,6,5,6,5,6,5,6,6,5,6,4,5,5,7,5,6,6,6,5,5,,,4,5,7,,,,6,17%,8%,9%,13%,19%,14%,11%,9%,0%,5,4,5,6,6,6,3,6,4,6
3838,Neurologist,21,"Office-based, group practice",300,50,80%,20%,25%,0%,75%,0%,5%,0%,95%,0%,10%,80%,10%,0%,0%,10%,0%,0%,6,6,7,7,6,6,6,5,5,7,6,6,4,6,,,5,5,5,7,4,6,6,5,6,6,7,7,5,6,6,6,7,6,5,7,6,6,4,7,6,,,,,,,,,,,,,5,6,5,5,6,6,3,6,5,2,7,6,6,5,6,5,,,5,6,6,,,,6,10%,5%,75%,10%,0%,0%,10%,0%,0%,6,4,5,6,6,4,3,6,6,7
3843,Neurologist,11,"Office-based, solo practice ",656,456,60%,40%,33%,33%,33%,1%,34%,34%,30%,2%,20%,25%,5%,20%,5%,5%,20%,0%,6,7,7,6,6,7,7,2,3,2,1,5,3,5,6,1,2,6,7,4,7,6,5,5,3,6,7,7,5,5,5,7,5,5,3,5,4,3,2,6,6,3,4,4,3,2,1,3,1,1,1,4,2,2,3,4,4,2,3,3,4,3,4,5,2,6,6,4,5,,,5,7,4,,,,5,20%,20%,20%,5%,15%,5%,5%,10%,0%,6,5,6,5,3,5,5,5,5,6
3846,Neurologist,10,"Office-based, group practice",400,250,50%,50%,25%,25%,25%,25%,25%,25%,25%,25%,20%,20%,20%,20%,10%,5%,5%,0%,7,6,6,7,7,6,6,4,6,4,6,7,4,5,6,2,4,7,4,7,7,7,7,5,5,4,5,6,6,7,7,6,7,7,5,5,6,5,6,5,7,7,5,6,5,6,6,7,6,5,6,6,7,5,6,5,7,7,5,5,6,5,6,6,6,6,6,5,5,,,5,5,7,,,,5,25%,25%,25%,0%,5%,5%,15%,0%,0%,5,6,6,7,7,5,4,7,6,7
3849,Neurologist,28,"Office-based, group practice",250,90,60%,40%,30%,0%,70%,0%,0%,0%,100%,0%,15%,80%,10%,20%,5%,5%,0%,0%,7,7,6,7,7,7,4,4,6,7,6,7,4,6,5,3,3,4,4,4,4,4,4,5,4,4,4,6,4,6,5,5,6,5,5,6,6,5,6,7,5,3,3,1,3,2,2,5,2,5,3,6,2,2,2,2,2,2,2,5,2,4,2,6,2,6,5,5,5,,,5,5,5,,,,5,20%,5%,80%,10%,15%,5%,5%,0%,0%,5,5,5,3,4,5,5,6,2,7
3856,General Physician,18,"Office-based, group practice",170,50,70%,30%,25%,10%,65%,0%,0%,15%,85%,0%,45%,60%,25%,5%,5%,55%,0%,0%,5,6,6,7,7,6,4,4,4,6,6,7,5,6,5,5,5,5,6,4,6,3,4,6,7,3,4,7,5,5,5,5,6,4,4,6,7,4,4,7,5,4,3,2,4,2,2,5,4,3,2,7,4,4,5,4,4,3,4,5,4,4,1,7,4,6,6,6,7,,,6,7,5,,,,5,15%,30%,60%,25%,5%,2%,3%,0%,0%,6,4,5,3,4,7,4,6,5,7
4846,Neurologist,26,"Office-based, solo practice ",150,70,70%,30%,30%,10%,60%,0%,0%,0%,100%,0%,10%,90%,0%,0%,0%,0%,0%,0%,6,6,6,6,6,6,5,3,5,7,7,5,2,6,,,,3,4,3,4,3,6,5,3,5,7,6,3,6,6,6,6,6,6,5,2,6,6,7,5,,,,,,,,,,,,,,,,,,,,,,,,,6,6,6,6,,,6,6,3,,,,6,50%,0%,50%,0%,0%,0%,0%,0%,0%,6,3,5,6,4,5,6,7,2,7
4859,Neurologist,10,"Office-based, group practice",320,120,40%,60%,30%,20%,50%,0%,1%,2%,97%,0%,50%,50%,1%,1%,1%,1%,50%,0%,6,6,6,7,6,6,7,6,7,5,7,5,4,5,1,1,2,5,5,4,5,5,6,7,4,6,3,7,4,6,5,6,5,5,4,7,4,4,3,6,4,2,3,1,2,1,3,7,1,2,1,2,1,2,2,1,1,2,2,7,1,2,1,1,2,7,6,6,6,,,7,7,7,,,,6,80%,30%,25%,1%,0%,0%,0%,25%,0%,7,2,5,7,4,5,1,6,6,7
4860,General Physician,35,"Office-based, group practice",300,20,80%,20%,80%,10%,5%,5%,20%,25%,50%,5%,20%,70%,5%,0%,0%,0%,5%,0%,7,7,7,7,6,7,5,5,5,7,6,7,4,6,,,,4,3,4,3,2,4,4,4,2,3,7,5,6,6,6,6,6,4,6,6,4,4,7,2,,,,,,,,,,,,,,,,,,,,,,,,,4,6,6,6,,,6,4,6,,,,2,10%,20%,60%,5%,0%,0%,0%,5%,0%,6,1,2,4,7,6,2,5,2,7
4863,General Physician,12,"Office-based, group practice",500,20,95%,5%,70%,20%,10%,0%,20%,50%,30%,0%,30%,30%,30%,10%,0%,0%,0%,0%,6,7,5,6,7,5,7,6,5,7,4,6,4,5,5,,,6,5,4,5,4,4,6,5,4,4,5,5,6,4,5,5,6,4,6,5,6,4,5,5,,,,,,,,,,,,,,,,,,,,,,,,,5,7,6,6,,,5,6,6,,,,6,45%,20%,20%,10%,5%,0%,0%,0%,0%,5,5,4,5,5,3,4,3,4,5
4878,Neurologist,31,"Office-based, solo practice ",120,115,35%,65%,15%,2%,83%,0%,0%,5%,95%,0%,80%,92%,5%,10%,20%,8%,0%,0%,7,7,6,7,6,7,5,4,5,5,6,6,4,5,5,4,4,3,3,4,3,3,7,5,4,7,4,4,4,5,5,5,5,4,5,5,5,5,4,7,4,4,3,3,5,4,5,5,4,5,2,7,4,4,4,4,5,4,5,6,4,5,1,7,4,7,6,5,6,,,7,7,7,,,,6,30%,80%,75%,4%,8%,20%,8%,0%,0%,7,1,5,7,3,5,4,6,7,7
4882,General Physician,10,"Office-based, group practice",120,120,90%,10%,40%,10%,50%,0%,2%,30%,68%,0%,1%,80%,10%,1%,1%,1%,1%,5%,7,6,7,5,6,6,5,3,4,5,7,7,3,6,5,1,4,4,4,4,2,3,5,6,2,4,3,6,2,6,6,7,4,6,4,7,3,5,5,6,6,2,2,2,2,2,1,2,2,2,2,2,2,3,3,3,3,3,3,3,3,3,3,3,3,6,6,6,6,,,6,6,6,,,,6,25%,3%,65%,5%,0%,0%,0%,0%,2%,5,1,1,6,6,6,3,5,5,6
4885,General Physician,5,"Office-based, group practice",450,200,80%,20%,20%,10%,50%,20%,25%,35%,20%,20%,30%,55%,2%,3%,5%,5%,0%,0%,7,6,5,7,6,6,5,2,3,6,5,4,5,5,5,3,4,2,3,3,5,2,3,5,4,3,5,6,3,3,5,5,4,3,6,3,3,4,5,5,4,3,3,3,3,1,1,1,1,2,1,5,3,1,2,2,1,4,2,4,1,2,1,3,2,7,7,7,7,,,7,7,7,,,,7,50%,20%,10%,2%,3%,0%,0%,15%,0%,5,6,7,6,6,6,5,5,6,6
4899,Neurologist,33,"Office-based, solo practice ",140,50,60%,40%,20%,2%,78%,0%,10%,0%,90%,0%,40%,90%,0%,2%,8%,8%,0%,2%,6,6,5,6,6,6,5,4,6,6,4,5,4,6,2,2,3,1,1,1,3,2,2,6,5,1,5,7,1,5,4,5,5,5,3,7,6,5,7,7,5,4,3,3,4,1,4,6,1,6,1,7,4,2,2,2,3,2,1,6,1,6,1,6,4,6,5,4,4,,,4,6,7,,,,5,15%,25%,90%,0%,1%,8%,8%,0%,0%,1,2,5,4,4,3,3,6,5,7
4905,General Physician,23,"Office-based, group practice",105,75,98%,2%,15%,0%,85%,0%,15%,0%,85%,0%,25%,50%,10%,5%,0%,10%,0%,0%,6,5,5,5,5,5,4,4,4,5,4,6,4,5,4,,5,5,5,3,5,5,5,3,4,4,4,4,3,5,6,5,6,6,5,4,4,4,6,5,5,,,,,,,,,,,,,4,4,4,4,4,4,3,5,3,4,3,4,4,5,5,5,,,5,4,4,,,,5,50%,10%,40%,10%,0%,0%,0%,0%,0%,5,1,4,4,5,7,2,4,5,5
4907,Neurologist,6,"Office-based, group practice",350,300,40%,60%,10%,5%,85%,0%,0%,10%,90%,0%,80%,60%,0%,1%,1%,1%,20%,0%,5,5,5,6,6,5,4,4,5,4,3,6,4,6,2,1,1,4,3,3,4,3,6,5,4,5,5,7,5,5,4,5,5,3,4,6,6,5,4,7,1,1,2,3,2,2,1,4,1,1,1,7,2,2,2,2,2,1,1,4,1,1,1,7,2,6,6,5,6,,,5,5,5,,,,5,30%,80%,60%,0%,1%,1%,1%,20%,0%,7,3,5,5,1,7,3,6,6,7
4908,General Physician,9,"Office-based, group practice",320,150,50%,50%,5%,5%,90%,0%,5%,5%,90%,0%,10%,90%,0%,0%,0%,0%,0%,0%,4,7,7,7,7,7,4,4,4,7,7,7,4,5,,,,1,1,1,1,1,7,7,7,4,7,7,3,5,5,5,5,5,4,7,7,5,5,7,6,,,,,,,,,,,,,,,,,,,,,,,,,7,7,6,6,,,7,7,7,,,,7,100%,0%,0%,0%,0%,0%,0%,0%,0%,7,1,4,7,7,7,4,7,6,7
4911,General Physician,8,"Office-based, group practice",300,200,40%,60%,20%,10%,60%,10%,10%,10%,75%,5%,10%,45%,20%,10%,5%,10%,0%,0%,7,6,5,7,7,5,5,3,5,5,4,7,2,5,5,2,5,2,2,1,2,2,2,6,2,6,7,7,2,5,4,3,5,5,5,6,5,4,4,7,5,3,2,1,4,1,1,4,1,2,7,7,4,3,4,1,3,3,5,3,3,3,7,5,4,5,5,5,5,,,5,6,6,,,,5,25%,5%,30%,20%,10%,5%,5%,0%,0%,5,4,5,6,3,7,2,5,4,4
4927,General Physician,6,"Office-based, group practice",250,50,60%,40%,60%,10%,20%,10%,20%,60%,10%,10%,40%,30%,5%,5%,0%,0%,10%,10%,5,6,6,7,5,7,7,7,6,6,6,6,6,5,2,,,5,5,4,5,5,2,7,7,5,4,7,5,6,6,6,7,6,6,7,7,6,7,7,6,,,,,,,,,,,,,,,,,,,,,,,,,4,7,6,5,,,6,7,7,,,,7,20%,20%,30%,5%,0%,0%,3%,15%,7%,7,3,3,7,7,7,4,6,3,7
4934,Neurologist,25,"Office-based, group practice",300,100,60%,40%,40%,30%,30%,0%,40%,30%,30%,0%,15%,30%,5%,10%,10%,10%,20%,0%,7,6,7,7,7,5,6,5,6,5,6,7,4,6,4,4,4,6,5,6,5,5,5,5,5,5,6,6,6,6,5,6,6,5,6,6,6,6,6,6,6,4,5,4,5,5,4,4,4,5,4,4,5,3,5,4,4,4,4,4,4,3,4,4,4,5,5,6,7,,,6,5,5,,,,6,40%,20%,10%,10%,5%,5%,5%,5%,0%,6,4,3,5,6,5,4,6,5,4
4949,Neurologist,11,Community Hospital,200,40,60%,40%,80%,10%,10%,0%,10%,60%,30%,0%,20%,60%,20%,0%,0%,0%,0%,0%,7,7,7,7,7,7,6,6,6,6,6,7,4,5,,,,4,4,4,4,4,3,4,5,5,6,6,4,5,5,5,5,5,5,5,4,4,6,6,5,,,,,,,,,,,,,,,,,,,,,,,,,6,5,5,5,,,6,4,5,,,,5,30%,20%,30%,20%,0%,0%,0%,0%,0%,6,4,2,4,5,5,5,4,5,6
4957,Neurologist,15,"Office-based, solo practice ",400,200,50%,50%,30%,30%,40%,0%,30%,30%,40%,0%,20%,20%,20%,20%,5%,5%,10%,0%,5,5,5,5,5,5,7,5,5,5,7,5,5,5,7,7,7,5,7,5,7,7,7,5,5,5,5,5,7,5,7,5,7,7,7,5,5,7,5,5,5,5,7,7,7,7,7,5,5,5,5,5,7,5,7,7,7,5,7,5,5,7,5,5,7,5,5,5,7,,,5,5,5,,,,7,20%,10%,10%,10%,10%,20%,20%,0%,0%,5,5,5,5,5,5,5,5,5,5
4967,General Physician,23,Community Hospital,200,100,40%,60%,100%,0%,0%,0%,0%,0%,100%,0%,5%,95%,0%,0%,0%,0%,0%,0%,7,7,7,6,7,4,5,3,6,2,5,6,4,7,,,,4,4,2,4,5,7,5,2,4,4,6,2,7,7,6,7,6,5,7,5,5,5,7,5,,,,,,,,,,,,,,,,,,,,,,,,,4,6,6,6,,,7,5,5,,,,6,50%,100%,95%,0%,0%,0%,0%,10%,0%,7,2,7,2,1,7,4,4,5,7
4968,General Physician,16,"Office-based, group practice",400,20,95%,5%,40%,5%,50%,5%,25%,0%,75%,0%,75%,50%,25%,0%,5%,10%,25%,0%,7,6,6,5,6,5,7,6,5,6,7,6,5,6,,4,4,6,6,6,6,6,6,6,6,4,4,7,4,6,5,5,6,6,4,6,6,5,4,6,6,5,4,4,5,3,3,5,5,4,2,4,4,5,5,4,5,4,3,5,4,4,4,4,4,4,5,5,5,,,4,6,6,,,,5,10%,75%,50%,25%,0%,1%,5%,25%,0%,6,2,3,5,5,6,2,5,3,5
4975,General Physician,19,"Office-based, group practice",300,20,75%,25%,5%,60%,35%,0%,5%,60%,35%,0%,50%,50%,50%,0%,0%,5%,5%,0%,7,7,7,7,7,6,5,6,6,7,6,6,4,6,,,2,5,5,5,5,5,6,5,6,6,5,7,5,6,6,6,6,6,6,6,6,6,6,6,6,,,,,,,,,,,,,4,4,4,4,4,4,4,4,5,3,6,4,6,6,6,6,,,6,6,6,,,,6,75%,75%,75%,75%,75%,75%,75%,0%,0%,6,4,5,4,6,6,4,5,5,5
